Part ID,Supplier,Target OEM,Plant Location,Lead Time (Days),Component Category,Stock Status,Batch Quantity,Unit Cost (INR),Total Batch Value (INR),GST Rate (%),GST Amount (INR),Final Value with GST (INR)
PRT-IND-200000,Bosch India,Bajaj Auto,Jamshedpur,40,Engine Core,Overstocked,1353,"₹4,398.00","₹5,950,494.00",28,"₹1,666,138.32","₹7,616,632.32"
PRT-IND-200001,Bosch India,TVS Motor,Pune,14,Braking System,Overstocked,1662,"₹9,143.00","₹15,195,666.00",28,"₹4,254,786.48","₹19,450,452.48"
PRT-IND-200002,Uno Minda,Bajaj Auto,Jamshedpur,42,Exhaust,Overstocked,1214,"₹48,469.00","₹58,841,366.00",28,"₹16,475,582.48","₹75,316,948.48"
PRT-IND-200003,Bosch India,TVS Motor,Anantapur,42,Braking System,Optimal Stock,630,"₹34,092.00","₹21,477,960.00",28,"₹6,013,828.80","₹27,491,788.80"
PRT-IND-200004,Endurance Tech,Maruti Suzuki,Chennai,44,Suspension,Overstocked,1773,"₹49,918.00","₹88,504,614.00",28,"₹24,781,291.92","₹113,285,905.92"
PRT-IND-200005,Tata AutoComp,Mahindra & Mahindra,Anantapur,39,Transmission,Overstocked,1475,"₹13,022.00","₹19,207,450.00",28,"₹5,378,086.00","₹24,585,536.00"
PRT-IND-200006,Bosch India,Hyundai India,Anantapur,13,Transmission,Optimal Stock,509,"₹12,615.00","₹6,421,035.00",28,"₹1,797,889.80","₹8,218,924.80"
PRT-IND-200007,Uno Minda,TVS Motor,Manesar,41,Transmission,Overstocked,1611,"₹23,851.50","₹38,424,766.50",28,"₹10,758,934.62","₹49,183,701.12"
PRT-IND-200008,Motherson Sumi,Tata Motors,Sanand,31,Transmission,Overstocked,1768,"₹39,654.50","₹70,109,156.00",28,"₹19,630,563.68","₹89,739,719.68"
PRT-IND-200009,Bosch India,Hero MotoCorp,Gurugram,3,Braking System,Reorder Needed,69,"₹10,860.00","₹749,340.00",28,"₹209,815.20","₹959,155.20"
PRT-IND-200010,Mahindra CIE,Maruti Suzuki,Anantapur,20,Transmission,Optimal Stock,587,"₹31,158.50","₹18,290,039.50",28,"₹5,121,211.06","₹23,411,250.56"
PRT-IND-200011,Endurance Tech,TVS Motor,Sanand,8,Braking System,Overstocked,1416,"₹1,265.00","₹1,791,240.00",28,"₹501,547.20","₹2,292,787.20"
PRT-IND-200012,Endurance Tech,Bajaj Auto,Anantapur,34,Engine Core,Optimal Stock,528,"₹23,270.00","₹12,286,560.00",28,"₹3,440,236.80","₹15,726,796.80"
PRT-IND-200013,Endurance Tech,Mahindra & Mahindra,Coimbatore,44,Braking System,Overstocked,1684,"₹9,424.00","₹15,870,016.00",28,"₹4,443,604.48","₹20,313,620.48"
PRT-IND-200014,Endurance Tech,Maruti Suzuki,Jamshedpur,38,Braking System,Reorder Needed,153,"₹44,802.00","₹6,854,706.00",28,"₹1,919,317.68","₹8,774,023.68"
PRT-IND-200015,Bharat Forge,Maruti Suzuki,Manesar,36,Transmission,Overstocked,1486,"₹43,052.00","₹63,975,272.00",28,"₹17,913,076.16","₹81,888,348.16"
PRT-IND-200016,Mahindra CIE,Bajaj Auto,Gurugram,36,Transmission,Reorder Needed,248,"₹10,603.50","₹2,629,668.00",28,"₹736,307.04","₹3,365,975.04"
PRT-IND-200017,Tata AutoComp,TVS Motor,Bengaluru,20,Braking System,Optimal Stock,952,"₹44,674.50","₹42,530,124.00",28,"₹11,908,434.72","₹54,438,558.72"
PRT-IND-200018,Tata AutoComp,Maruti Suzuki,Manesar,42,Exhaust,Optimal Stock,843,"₹47,043.00","₹39,657,249.00",28,"₹11,104,029.72","₹50,761,278.72"
PRT-IND-200019,Bharat Forge,TVS Motor,Pithampur,41,Engine Core,Optimal Stock,510,"₹43,350.00","₹22,108,500.00",28,"₹6,190,380.00","₹28,298,880.00"
PRT-IND-200020,Bharat Forge,Bajaj Auto,Anantapur,9,Transmission,Reorder Needed,192,"₹44,736.50","₹8,589,408.00",28,"₹2,405,034.24","₹10,994,442.24"
PRT-IND-200021,Mahindra CIE,Mahindra & Mahindra,Sanand,34,Electrical & Sensor,Optimal Stock,532,"₹21,236.00","₹11,297,552.00",18,"₹2,033,559.36","₹13,331,111.36"
PRT-IND-200022,Motherson Sumi,Maruti Suzuki,Sanand,19,Engine Core,Optimal Stock,334,"₹22,990.00","₹7,678,660.00",28,"₹2,150,024.80","₹9,828,684.80"
PRT-IND-200023,Bosch India,Tata Motors,Jamshedpur,21,Exhaust,Overstocked,1562,"₹26,861.00","₹41,956,882.00",28,"₹11,747,926.96","₹53,704,808.96"
PRT-IND-200024,Motherson Sumi,Hyundai India,Coimbatore,26,Exhaust,Overstocked,1950,"₹30,779.50","₹60,020,025.00",28,"₹16,805,607.00","₹76,825,632.00"
PRT-IND-200025,Uno Minda,Mahindra & Mahindra,Jamshedpur,10,Electrical & Sensor,Reorder Needed,80,"₹40,422.50","₹3,233,800.00",18,"₹582,084.00","₹3,815,884.00"
PRT-IND-200026,Motherson Sumi,Maruti Suzuki,Gurugram,28,Engine Core,Optimal Stock,444,"₹3,030.00","₹1,345,320.00",28,"₹376,689.60","₹1,722,009.60"
PRT-IND-200027,Tata AutoComp,Hyundai India,Manesar,35,Electrical & Sensor,Optimal Stock,606,"₹20,038.00","₹12,143,028.00",18,"₹2,185,745.04","₹14,328,773.04"
PRT-IND-200028,Bharat Forge,Maruti Suzuki,Chennai,37,Engine Core,Overstocked,1805,"₹49,028.50","₹88,496,442.50",28,"₹24,779,003.90","₹113,275,446.40"
PRT-IND-200029,Bosch India,Mahindra & Mahindra,Sanand,23,Engine Core,Overstocked,1499,"₹38,621.50","₹57,893,628.50",28,"₹16,210,215.98","₹74,103,844.48"
PRT-IND-200030,Uno Minda,Maruti Suzuki,Gurugram,26,Engine Core,Reorder Needed,218,"₹33,004.50","₹7,194,981.00",28,"₹2,014,594.68","₹9,209,575.68"
PRT-IND-200031,Uno Minda,TVS Motor,Chennai,30,Exhaust,Optimal Stock,403,"₹41,209.50","₹16,607,428.50",28,"₹4,650,079.98","₹21,257,508.48"
PRT-IND-200032,Tata AutoComp,Maruti Suzuki,Sanand,17,Electrical & Sensor,Overstocked,1743,"₹43,510.00","₹75,837,930.00",18,"₹13,650,827.40","₹89,488,757.40"
PRT-IND-200033,Bosch India,Mahindra & Mahindra,Bengaluru,38,Braking System,Optimal Stock,1101,"₹10,284.00","₹11,322,684.00",28,"₹3,170,351.52","₹14,493,035.52"
PRT-IND-200034,Bosch India,Bajaj Auto,Chennai,20,Braking System,Overstocked,1472,"₹17,943.00","₹26,412,096.00",28,"₹7,395,386.88","₹33,807,482.88"
PRT-IND-200035,Motherson Sumi,Maruti Suzuki,Chennai,10,Exhaust,Optimal Stock,779,"₹23,876.50","₹18,599,793.50",28,"₹5,207,942.18","₹23,807,735.68"
PRT-IND-200036,Uno Minda,Maruti Suzuki,Bengaluru,16,Braking System,Overstocked,1606,"₹10,223.00","₹16,418,138.00",28,"₹4,597,078.64","₹21,015,216.64"
PRT-IND-200037,Bosch India,TVS Motor,Bengaluru,33,Transmission,Overstocked,1352,"₹3,248.50","₹4,391,972.00",28,"₹1,229,752.16","₹5,621,724.16"
PRT-IND-200038,Bosch India,TVS Motor,Bengaluru,42,Transmission,Optimal Stock,757,"₹29,266.00","₹22,154,362.00",28,"₹6,203,221.36","₹28,357,583.36"
PRT-IND-200039,Mahindra CIE,Mahindra & Mahindra,Bengaluru,37,Engine Core,Overstocked,1723,"₹41,279.50","₹71,124,578.50",28,"₹19,914,881.98","₹91,039,460.48"
PRT-IND-200040,Tata AutoComp,Mahindra & Mahindra,Pune,9,Braking System,Overstocked,1842,"₹2,280.00","₹4,199,760.00",28,"₹1,175,932.80","₹5,375,692.80"
PRT-IND-200041,Motherson Sumi,Mahindra & Mahindra,Anantapur,9,Exhaust,Optimal Stock,879,"₹22,080.50","₹19,408,759.50",28,"₹5,434,452.66","₹24,843,212.16"
PRT-IND-200042,Mahindra CIE,Mahindra & Mahindra,Gurugram,19,Engine Core,Reorder Needed,202,"₹36,383.00","₹7,349,366.00",28,"₹2,057,822.48","₹9,407,188.48"
PRT-IND-200043,Motherson Sumi,Bajaj Auto,Jamshedpur,22,Transmission,Overstocked,1523,"₹39,331.00","₹59,901,113.00",28,"₹16,772,311.64","₹76,673,424.64"
PRT-IND-200044,Bosch India,Hyundai India,Pune,28,Exhaust,Optimal Stock,865,"₹40,676.00","₹35,184,740.00",28,"₹9,851,727.20","₹45,036,467.20"
PRT-IND-200045,Bharat Forge,Hero MotoCorp,Chennai,23,Transmission,Reorder Needed,191,"₹8,643.00","₹1,650,813.00",28,"₹462,227.64","₹2,113,040.64"
PRT-IND-200046,Endurance Tech,Hero MotoCorp,Coimbatore,12,Exhaust,Overstocked,1676,"₹29,973.50","₹50,235,586.00",28,"₹14,065,964.08","₹64,301,550.08"
PRT-IND-200047,Uno Minda,Maruti Suzuki,Sanand,9,Suspension,Optimal Stock,504,"₹47,013.50","₹23,694,804.00",28,"₹6,634,545.12","₹30,329,349.12"
PRT-IND-200048,Motherson Sumi,Maruti Suzuki,Pithampur,8,Electrical & Sensor,Reorder Needed,73,"₹27,607.50","₹2,015,347.50",18,"₹362,762.55","₹2,378,110.05"
PRT-IND-200049,Bosch India,Bajaj Auto,Anantapur,20,Transmission,Overstocked,1862,"₹2,080.00","₹3,872,960.00",28,"₹1,084,428.80","₹4,957,388.80"
PRT-IND-200050,Uno Minda,Maruti Suzuki,Gurugram,6,Suspension,Overstocked,1539,"₹39,348.00","₹60,556,572.00",28,"₹16,955,840.16","₹77,512,412.16"
PRT-IND-200051,Bosch India,Tata Motors,Manesar,32,Exhaust,Optimal Stock,663,"₹18,262.50","₹12,108,037.50",28,"₹3,390,250.50","₹15,498,288.00"
PRT-IND-200052,Bharat Forge,Tata Motors,Anantapur,27,Exhaust,Reorder Needed,126,"₹17,500.00","₹2,205,000.00",28,"₹617,400.00","₹2,822,400.00"
PRT-IND-200053,Endurance Tech,Hyundai India,Pithampur,13,Engine Core,Overstocked,1716,"₹20,949.50","₹35,949,342.00",28,"₹10,065,815.76","₹46,015,157.76"
PRT-IND-200054,Endurance Tech,Hyundai India,Gurugram,29,Engine Core,Overstocked,1729,"₹25,294.00","₹43,733,326.00",28,"₹12,245,331.28","₹55,978,657.28"
PRT-IND-200055,Mahindra CIE,Maruti Suzuki,Pune,8,Transmission,Reorder Needed,72,"₹42,077.00","₹3,029,544.00",28,"₹848,272.32","₹3,877,816.32"
PRT-IND-200056,Bosch India,Bajaj Auto,Bengaluru,17,Exhaust,Optimal Stock,349,"₹9,064.00","₹3,163,336.00",28,"₹885,734.08","₹4,049,070.08"
PRT-IND-200057,Bosch India,Tata Motors,Manesar,28,Engine Core,Reorder Needed,274,"₹44,749.00","₹12,261,226.00",28,"₹3,433,143.28","₹15,694,369.28"
PRT-IND-200058,Motherson Sumi,TVS Motor,Pithampur,36,Electrical & Sensor,Optimal Stock,362,"₹20,534.50","₹7,433,489.00",18,"₹1,338,028.02","₹8,771,517.02"
PRT-IND-200059,Endurance Tech,Mahindra & Mahindra,Chennai,25,Suspension,Overstocked,1686,"₹6,931.50","₹11,686,509.00",28,"₹3,272,222.52","₹14,958,731.52"
PRT-IND-200060,Motherson Sumi,Mahindra & Mahindra,Coimbatore,28,Electrical & Sensor,Overstocked,1730,"₹8,814.50","₹15,249,085.00",18,"₹2,744,835.30","₹17,993,920.30"
PRT-IND-200061,Motherson Sumi,Bajaj Auto,Sanand,26,Electrical & Sensor,Optimal Stock,723,"₹15,322.50","₹11,078,167.50",18,"₹1,994,070.15","₹13,072,237.65"
PRT-IND-200062,Bosch India,Mahindra & Mahindra,Sanand,9,Braking System,Optimal Stock,869,"₹17,056.50","₹14,822,098.50",28,"₹4,150,187.58","₹18,972,286.08"
PRT-IND-200063,Bharat Forge,TVS Motor,Gurugram,17,Transmission,Overstocked,1877,"₹23,404.00","₹43,929,308.00",28,"₹12,300,206.24","₹56,229,514.24"
PRT-IND-200064,Bosch India,Bajaj Auto,Manesar,8,Engine Core,Optimal Stock,750,"₹6,496.00","₹4,872,000.00",28,"₹1,364,160.00","₹6,236,160.00"
PRT-IND-200065,Bharat Forge,Tata Motors,Gurugram,26,Electrical & Sensor,Optimal Stock,443,"₹11,227.50","₹4,973,782.50",18,"₹895,280.85","₹5,869,063.35"
PRT-IND-200066,Endurance Tech,Bajaj Auto,Pithampur,24,Exhaust,Optimal Stock,885,"₹27,181.00","₹24,055,185.00",28,"₹6,735,451.80","₹30,790,636.80"
PRT-IND-200067,Endurance Tech,TVS Motor,Coimbatore,34,Suspension,Optimal Stock,624,"₹49,021.50","₹30,589,416.00",28,"₹8,565,036.48","₹39,154,452.48"
PRT-IND-200068,Uno Minda,Tata Motors,Manesar,43,Exhaust,Overstocked,1228,"₹22,578.00","₹27,725,784.00",28,"₹7,763,219.52","₹35,489,003.52"
PRT-IND-200069,Tata AutoComp,Maruti Suzuki,Anantapur,28,Braking System,Optimal Stock,1198,"₹11,328.50","₹13,571,543.00",28,"₹3,800,032.04","₹17,371,575.04"
PRT-IND-200070,Uno Minda,Hyundai India,Anantapur,20,Exhaust,Overstocked,1652,"₹44,431.00","₹73,400,012.00",28,"₹20,552,003.36","₹93,952,015.36"
PRT-IND-200071,Uno Minda,Maruti Suzuki,Pithampur,14,Braking System,Overstocked,1500,"₹20,994.50","₹31,491,750.00",28,"₹8,817,690.00","₹40,309,440.00"
PRT-IND-200072,Tata AutoComp,Maruti Suzuki,Pithampur,26,Exhaust,Optimal Stock,902,₹657.50,"₹593,065.00",28,"₹166,058.20","₹759,123.20"
PRT-IND-200073,Endurance Tech,Hero MotoCorp,Chennai,11,Exhaust,Overstocked,1523,"₹46,061.00","₹70,150,903.00",28,"₹19,642,252.84","₹89,793,155.84"
PRT-IND-200074,Motherson Sumi,Hyundai India,Pune,20,Suspension,Optimal Stock,612,"₹37,324.50","₹22,842,594.00",28,"₹6,395,926.32","₹29,238,520.32"
PRT-IND-200075,Bharat Forge,Hyundai India,Chennai,14,Exhaust,Overstocked,1668,"₹13,018.50","₹21,714,858.00",28,"₹6,080,160.24","₹27,795,018.24"
PRT-IND-200076,Bosch India,Bajaj Auto,Pune,28,Electrical & Sensor,Optimal Stock,626,"₹22,551.00","₹14,116,926.00",18,"₹2,541,046.68","₹16,657,972.68"
PRT-IND-200077,Uno Minda,Maruti Suzuki,Chennai,36,Braking System,Overstocked,1625,"₹4,348.00","₹7,065,500.00",28,"₹1,978,340.00","₹9,043,840.00"
PRT-IND-200078,Bosch India,Bajaj Auto,Coimbatore,15,Braking System,Optimal Stock,639,"₹19,159.50","₹12,242,920.50",28,"₹3,428,017.74","₹15,670,938.24"
PRT-IND-200079,Bosch India,Mahindra & Mahindra,Manesar,29,Transmission,Overstocked,1414,"₹30,662.00","₹43,356,068.00",28,"₹12,139,699.04","₹55,495,767.04"
PRT-IND-200080,Endurance Tech,Hero MotoCorp,Sanand,36,Braking System,Optimal Stock,1091,"₹35,403.50","₹38,625,218.50",28,"₹10,815,061.18","₹49,440,279.68"
PRT-IND-200081,Bharat Forge,Maruti Suzuki,Chennai,22,Transmission,Overstocked,1360,"₹48,648.00","₹66,161,280.00",28,"₹18,525,158.40","₹84,686,438.40"
PRT-IND-200082,Bharat Forge,Mahindra & Mahindra,Anantapur,28,Engine Core,Reorder Needed,131,"₹9,328.50","₹1,222,033.50",28,"₹342,169.38","₹1,564,202.88"
PRT-IND-200083,Bosch India,Mahindra & Mahindra,Coimbatore,28,Exhaust,Overstocked,1649,"₹12,686.50","₹20,920,038.50",28,"₹5,857,610.78","₹26,777,649.28"
PRT-IND-200084,Motherson Sumi,Bajaj Auto,Chennai,13,Transmission,Overstocked,1318,"₹29,122.50","₹38,383,455.00",28,"₹10,747,367.40","₹49,130,822.40"
PRT-IND-200085,Bharat Forge,Hero MotoCorp,Gurugram,43,Engine Core,Reorder Needed,52,"₹29,297.00","₹1,523,444.00",28,"₹426,564.32","₹1,950,008.32"
PRT-IND-200086,Bosch India,TVS Motor,Coimbatore,13,Engine Core,Optimal Stock,1154,"₹12,169.00","₹14,043,026.00",28,"₹3,932,047.28","₹17,975,073.28"
PRT-IND-200087,Uno Minda,Bajaj Auto,Manesar,23,Exhaust,Optimal Stock,441,"₹35,076.50","₹15,468,736.50",28,"₹4,331,246.22","₹19,799,982.72"
PRT-IND-200088,Uno Minda,Bajaj Auto,Jamshedpur,34,Suspension,Overstocked,1885,"₹31,257.50","₹58,920,387.50",28,"₹16,497,708.50","₹75,418,096.00"
PRT-IND-200089,Tata AutoComp,Mahindra & Mahindra,Pune,32,Transmission,Overstocked,1294,"₹12,645.50","₹16,363,277.00",28,"₹4,581,717.56","₹20,944,994.56"
PRT-IND-200090,Bharat Forge,TVS Motor,Pithampur,34,Engine Core,Overstocked,1448,"₹7,830.50","₹11,338,564.00",28,"₹3,174,797.92","₹14,513,361.92"
PRT-IND-200091,Tata AutoComp,Maruti Suzuki,Sanand,32,Electrical & Sensor,Optimal Stock,974,"₹45,185.00","₹44,010,190.00",18,"₹7,921,834.20","₹51,932,024.20"
PRT-IND-200092,Mahindra CIE,Tata Motors,Pune,21,Transmission,Overstocked,1909,"₹6,338.00","₹12,099,242.00",28,"₹3,387,787.76","₹15,487,029.76"
PRT-IND-200093,Tata AutoComp,Tata Motors,Pune,13,Electrical & Sensor,Overstocked,1329,"₹45,216.50","₹60,092,728.50",18,"₹10,816,691.13","₹70,909,419.63"
PRT-IND-200094,Tata AutoComp,Hyundai India,Bengaluru,6,Exhaust,Optimal Stock,1063,"₹30,247.00","₹32,152,561.00",28,"₹9,002,717.08","₹41,155,278.08"
PRT-IND-200095,Bharat Forge,Mahindra & Mahindra,Bengaluru,11,Braking System,Overstocked,1629,"₹13,765.00","₹22,423,185.00",28,"₹6,278,491.80","₹28,701,676.80"
PRT-IND-200096,Bharat Forge,Tata Motors,Gurugram,33,Engine Core,Optimal Stock,1147,"₹17,817.00","₹20,436,099.00",28,"₹5,722,107.72","₹26,158,206.72"
PRT-IND-200097,Endurance Tech,TVS Motor,Manesar,7,Engine Core,Reorder Needed,164,"₹36,028.50","₹5,908,674.00",28,"₹1,654,428.72","₹7,563,102.72"
PRT-IND-200098,Mahindra CIE,Maruti Suzuki,Bengaluru,41,Exhaust,Reorder Needed,100,"₹25,223.50","₹2,522,350.00",28,"₹706,258.00","₹3,228,608.00"
PRT-IND-200099,Bosch India,Maruti Suzuki,Manesar,6,Braking System,Optimal Stock,617,"₹18,265.00","₹11,269,505.00",28,"₹3,155,461.40","₹14,424,966.40"
PRT-IND-200100,Uno Minda,Tata Motors,Gurugram,31,Engine Core,Optimal Stock,994,"₹2,522.50","₹2,507,365.00",28,"₹702,062.20","₹3,209,427.20"
PRT-IND-200101,Bosch India,TVS Motor,Gurugram,28,Suspension,Overstocked,1534,"₹21,747.00","₹33,359,898.00",28,"₹9,340,771.44","₹42,700,669.44"
PRT-IND-200102,Uno Minda,Tata Motors,Bengaluru,34,Suspension,Overstocked,1987,"₹5,040.50","₹10,015,473.50",28,"₹2,804,332.58","₹12,819,806.08"
PRT-IND-200103,Motherson Sumi,Hyundai India,Chennai,7,Exhaust,Reorder Needed,231,"₹38,641.50","₹8,926,186.50",28,"₹2,499,332.22","₹11,425,518.72"
PRT-IND-200104,Endurance Tech,Hyundai India,Bengaluru,16,Electrical & Sensor,Overstocked,1950,"₹3,081.00","₹6,007,950.00",18,"₹1,081,431.00","₹7,089,381.00"
PRT-IND-200105,Bharat Forge,Tata Motors,Coimbatore,16,Exhaust,Reorder Needed,97,"₹15,204.50","₹1,474,836.50",28,"₹412,954.22","₹1,887,790.72"
PRT-IND-200106,Mahindra CIE,Tata Motors,Coimbatore,13,Suspension,Optimal Stock,678,"₹38,720.00","₹26,252,160.00",28,"₹7,350,604.80","₹33,602,764.80"
PRT-IND-200107,Uno Minda,Tata Motors,Bengaluru,23,Exhaust,Overstocked,1212,"₹24,122.50","₹29,236,470.00",28,"₹8,186,211.60","₹37,422,681.60"
PRT-IND-200108,Bosch India,Maruti Suzuki,Gurugram,13,Electrical & Sensor,Optimal Stock,680,"₹29,578.50","₹20,113,380.00",18,"₹3,620,408.40","₹23,733,788.40"
PRT-IND-200109,Uno Minda,Hero MotoCorp,Chennai,40,Braking System,Optimal Stock,653,"₹37,584.00","₹24,542,352.00",28,"₹6,871,858.56","₹31,414,210.56"
PRT-IND-200110,Endurance Tech,Bajaj Auto,Chennai,8,Suspension,Overstocked,1673,"₹37,510.50","₹62,755,066.50",28,"₹17,571,418.62","₹80,326,485.12"
PRT-IND-200111,Bharat Forge,Tata Motors,Manesar,31,Engine Core,Optimal Stock,709,"₹2,075.50","₹1,471,529.50",28,"₹412,028.26","₹1,883,557.76"
PRT-IND-200112,Motherson Sumi,TVS Motor,Anantapur,27,Braking System,Optimal Stock,987,"₹41,863.00","₹41,318,781.00",28,"₹11,569,258.68","₹52,888,039.68"
PRT-IND-200113,Bosch India,Maruti Suzuki,Manesar,16,Engine Core,Optimal Stock,894,"₹25,072.00","₹22,414,368.00",28,"₹6,276,023.04","₹28,690,391.04"
PRT-IND-200114,Motherson Sumi,TVS Motor,Chennai,7,Exhaust,Overstocked,1433,"₹46,301.50","₹66,350,049.50",28,"₹18,578,013.86","₹84,928,063.36"
PRT-IND-200115,Endurance Tech,Mahindra & Mahindra,Chennai,34,Electrical & Sensor,Overstocked,1383,"₹13,457.50","₹18,611,722.50",18,"₹3,350,110.05","₹21,961,832.55"
PRT-IND-200116,Mahindra CIE,Tata Motors,Coimbatore,35,Transmission,Overstocked,1985,"₹34,322.00","₹68,129,170.00",28,"₹19,076,167.60","₹87,205,337.60"
PRT-IND-200117,Bosch India,Hero MotoCorp,Gurugram,24,Exhaust,Optimal Stock,684,"₹15,418.00","₹10,545,912.00",28,"₹2,952,855.36","₹13,498,767.36"
PRT-IND-200118,Bosch India,Bajaj Auto,Pune,39,Exhaust,Overstocked,1888,"₹30,972.50","₹58,476,080.00",28,"₹16,373,302.40","₹74,849,382.40"
PRT-IND-200119,Bosch India,Mahindra & Mahindra,Bengaluru,23,Transmission,Overstocked,1898,"₹33,207.50","₹63,027,835.00",28,"₹17,647,793.80","₹80,675,628.80"
PRT-IND-200120,Bosch India,Maruti Suzuki,Anantapur,18,Suspension,Optimal Stock,591,"₹25,328.50","₹14,969,143.50",28,"₹4,191,360.18","₹19,160,503.68"
PRT-IND-200121,Bosch India,TVS Motor,Anantapur,37,Braking System,Optimal Stock,1062,"₹37,195.00","₹39,501,090.00",28,"₹11,060,305.20","₹50,561,395.20"
PRT-IND-200122,Uno Minda,Tata Motors,Sanand,40,Electrical & Sensor,Overstocked,1846,"₹46,429.00","₹85,707,934.00",18,"₹15,427,428.12","₹101,135,362.12"
PRT-IND-200123,Endurance Tech,Mahindra & Mahindra,Pithampur,40,Electrical & Sensor,Overstocked,1676,"₹3,923.00","₹6,574,948.00",18,"₹1,183,490.64","₹7,758,438.64"
PRT-IND-200124,Bharat Forge,Mahindra & Mahindra,Sanand,34,Transmission,Overstocked,1210,"₹4,974.50","₹6,019,145.00",28,"₹1,685,360.60","₹7,704,505.60"
PRT-IND-200125,Mahindra CIE,Bajaj Auto,Anantapur,36,Electrical & Sensor,Overstocked,1671,"₹44,423.50","₹74,231,668.50",18,"₹13,361,700.33","₹87,593,368.83"
PRT-IND-200126,Motherson Sumi,TVS Motor,Sanand,6,Braking System,Overstocked,1703,"₹43,877.00","₹74,722,531.00",28,"₹20,922,308.68","₹95,644,839.68"
PRT-IND-200127,Bosch India,Tata Motors,Chennai,5,Engine Core,Optimal Stock,669,"₹26,428.00","₹17,680,332.00",28,"₹4,950,492.96","₹22,630,824.96"
PRT-IND-200128,Endurance Tech,Mahindra & Mahindra,Anantapur,33,Exhaust,Overstocked,1207,"₹37,152.50","₹44,843,067.50",28,"₹12,556,058.90","₹57,399,126.40"
PRT-IND-200129,Bosch India,Tata Motors,Sanand,3,Transmission,Optimal Stock,783,"₹3,760.50","₹2,944,471.50",28,"₹824,452.02","₹3,768,923.52"
PRT-IND-200130,Motherson Sumi,Hero MotoCorp,Pune,30,Engine Core,Optimal Stock,1046,"₹14,925.00","₹15,611,550.00",28,"₹4,371,234.00","₹19,982,784.00"
PRT-IND-200131,Bosch India,Mahindra & Mahindra,Chennai,12,Exhaust,Overstocked,1948,"₹3,230.00","₹6,292,040.00",28,"₹1,761,771.20","₹8,053,811.20"
PRT-IND-200132,Motherson Sumi,TVS Motor,Bengaluru,38,Electrical & Sensor,Optimal Stock,893,"₹35,769.00","₹31,941,717.00",18,"₹5,749,509.06","₹37,691,226.06"
PRT-IND-200133,Motherson Sumi,Maruti Suzuki,Pune,7,Engine Core,Overstocked,1839,"₹49,108.50","₹90,310,531.50",28,"₹25,286,948.82","₹115,597,480.32"
PRT-IND-200134,Uno Minda,Hero MotoCorp,Bengaluru,14,Engine Core,Optimal Stock,334,"₹45,394.00","₹15,161,596.00",28,"₹4,245,246.88","₹19,406,842.88"
PRT-IND-200135,Tata AutoComp,Tata Motors,Manesar,21,Exhaust,Optimal Stock,446,"₹19,377.50","₹8,642,365.00",28,"₹2,419,862.20","₹11,062,227.20"
PRT-IND-200136,Bosch India,Hyundai India,Pune,3,Electrical & Sensor,Optimal Stock,601,"₹18,716.50","₹11,248,616.50",18,"₹2,024,750.97","₹13,273,367.47"
PRT-IND-200137,Tata AutoComp,Hyundai India,Pune,23,Braking System,Optimal Stock,853,"₹24,817.00","₹21,168,901.00",28,"₹5,927,292.28","₹27,096,193.28"
PRT-IND-200138,Motherson Sumi,Hero MotoCorp,Coimbatore,9,Braking System,Optimal Stock,919,₹834.00,"₹766,446.00",28,"₹214,604.88","₹981,050.88"
PRT-IND-200139,Mahindra CIE,Tata Motors,Coimbatore,19,Transmission,Reorder Needed,232,"₹26,395.00","₹6,123,640.00",28,"₹1,714,619.20","₹7,838,259.20"
PRT-IND-200140,Mahindra CIE,Maruti Suzuki,Pune,42,Engine Core,Overstocked,1748,"₹28,344.50","₹49,546,186.00",28,"₹13,872,932.08","₹63,419,118.08"
PRT-IND-200141,Bharat Forge,TVS Motor,Jamshedpur,37,Engine Core,Optimal Stock,634,"₹22,908.00","₹14,523,672.00",28,"₹4,066,628.16","₹18,590,300.16"
PRT-IND-200142,Mahindra CIE,Bajaj Auto,Anantapur,28,Electrical & Sensor,Optimal Stock,777,"₹44,985.00","₹34,953,345.00",18,"₹6,291,602.10","₹41,244,947.10"
PRT-IND-200143,Endurance Tech,Tata Motors,Chennai,4,Braking System,Optimal Stock,1050,"₹28,405.00","₹29,825,250.00",28,"₹8,351,070.00","₹38,176,320.00"
PRT-IND-200144,Uno Minda,Hero MotoCorp,Sanand,4,Exhaust,Overstocked,1525,"₹10,734.50","₹16,370,112.50",28,"₹4,583,631.50","₹20,953,744.00"
PRT-IND-200145,Endurance Tech,Mahindra & Mahindra,Pune,27,Braking System,Reorder Needed,87,"₹42,049.00","₹3,658,263.00",28,"₹1,024,313.64","₹4,682,576.64"
PRT-IND-200146,Endurance Tech,TVS Motor,Gurugram,10,Exhaust,Overstocked,1406,"₹19,377.00","₹27,244,062.00",28,"₹7,628,337.36","₹34,872,399.36"
PRT-IND-200147,Mahindra CIE,Hero MotoCorp,Pithampur,13,Electrical & Sensor,Optimal Stock,811,"₹9,799.50","₹7,947,394.50",18,"₹1,430,531.01","₹9,377,925.51"
PRT-IND-200148,Tata AutoComp,Hero MotoCorp,Bengaluru,27,Exhaust,Overstocked,1524,"₹3,773.50","₹5,750,814.00",28,"₹1,610,227.92","₹7,361,041.92"
PRT-IND-200149,Endurance Tech,Bajaj Auto,Jamshedpur,30,Engine Core,Overstocked,1566,₹623.00,"₹975,618.00",28,"₹273,173.04","₹1,248,791.04"
PRT-IND-200150,Mahindra CIE,Bajaj Auto,Pune,8,Electrical & Sensor,Optimal Stock,878,"₹44,831.50","₹39,362,057.00",18,"₹7,085,170.26","₹46,447,227.26"
PRT-IND-200151,Tata AutoComp,Hyundai India,Coimbatore,6,Electrical & Sensor,Overstocked,1999,"₹18,749.50","₹37,480,250.50",18,"₹6,746,445.09","₹44,226,695.59"
PRT-IND-200152,Mahindra CIE,Hero MotoCorp,Anantapur,26,Exhaust,Optimal Stock,513,"₹25,405.00","₹13,032,765.00",28,"₹3,649,174.20","₹16,681,939.20"
PRT-IND-200153,Uno Minda,Bajaj Auto,Pune,9,Suspension,Overstocked,1658,"₹38,258.00","₹63,431,764.00",28,"₹17,760,893.92","₹81,192,657.92"
PRT-IND-200154,Tata AutoComp,Hero MotoCorp,Bengaluru,5,Exhaust,Optimal Stock,856,"₹46,569.00","₹39,863,064.00",28,"₹11,161,657.92","₹51,024,721.92"
PRT-IND-200155,Tata AutoComp,Tata Motors,Pune,20,Exhaust,Optimal Stock,883,"₹36,303.00","₹32,055,549.00",28,"₹8,975,553.72","₹41,031,102.72"
PRT-IND-200156,Mahindra CIE,Hero MotoCorp,Pune,24,Braking System,Overstocked,1243,"₹3,670.00","₹4,561,810.00",28,"₹1,277,306.80","₹5,839,116.80"
PRT-IND-200157,Tata AutoComp,Mahindra & Mahindra,Coimbatore,41,Engine Core,Overstocked,1682,"₹43,361.00","₹72,933,202.00",28,"₹20,421,296.56","₹93,354,498.56"
PRT-IND-200158,Mahindra CIE,Maruti Suzuki,Chennai,19,Braking System,Optimal Stock,985,"₹28,928.00","₹28,494,080.00",28,"₹7,978,342.40","₹36,472,422.40"
PRT-IND-200159,Mahindra CIE,TVS Motor,Pune,40,Suspension,Overstocked,1267,"₹4,901.50","₹6,210,200.50",28,"₹1,738,856.14","₹7,949,056.64"
PRT-IND-200160,Bharat Forge,TVS Motor,Gurugram,44,Electrical & Sensor,Overstocked,1798,"₹16,472.50","₹29,617,555.00",18,"₹5,331,159.90","₹34,948,714.90"
PRT-IND-200161,Tata AutoComp,Tata Motors,Chennai,30,Suspension,Optimal Stock,681,"₹48,866.00","₹33,277,746.00",28,"₹9,317,768.88","₹42,595,514.88"
PRT-IND-200162,Bharat Forge,Hyundai India,Gurugram,9,Exhaust,Overstocked,1256,"₹44,692.00","₹56,133,152.00",28,"₹15,717,282.56","₹71,850,434.56"
PRT-IND-200163,Tata AutoComp,Bajaj Auto,Coimbatore,29,Electrical & Sensor,Optimal Stock,451,"₹25,138.00","₹11,337,238.00",18,"₹2,040,702.84","₹13,377,940.84"
PRT-IND-200164,Bosch India,Hyundai India,Anantapur,9,Engine Core,Optimal Stock,746,"₹7,074.50","₹5,277,577.00",28,"₹1,477,721.56","₹6,755,298.56"
PRT-IND-200165,Motherson Sumi,Tata Motors,Gurugram,5,Transmission,Optimal Stock,1105,"₹28,948.00","₹31,987,540.00",28,"₹8,956,511.20","₹40,944,051.20"
PRT-IND-200166,Motherson Sumi,TVS Motor,Jamshedpur,42,Exhaust,Overstocked,1300,"₹30,996.00","₹40,294,800.00",28,"₹11,282,544.00","₹51,577,344.00"
PRT-IND-200167,Endurance Tech,TVS Motor,Pune,17,Suspension,Overstocked,1596,"₹10,563.50","₹16,859,346.00",28,"₹4,720,616.88","₹21,579,962.88"
PRT-IND-200168,Mahindra CIE,Hyundai India,Coimbatore,28,Engine Core,Overstocked,1647,"₹46,032.50","₹75,815,527.50",28,"₹21,228,347.70","₹97,043,875.20"
PRT-IND-200169,Tata AutoComp,Mahindra & Mahindra,Pune,31,Suspension,Overstocked,1521,"₹7,785.50","₹11,841,745.50",28,"₹3,315,688.74","₹15,157,434.24"
PRT-IND-200170,Motherson Sumi,TVS Motor,Pune,6,Electrical & Sensor,Overstocked,1215,"₹25,180.00","₹30,593,700.00",18,"₹5,506,866.00","₹36,100,566.00"
PRT-IND-200171,Motherson Sumi,Bajaj Auto,Coimbatore,39,Transmission,Optimal Stock,513,₹829.00,"₹425,277.00",28,"₹119,077.56","₹544,354.56"
PRT-IND-200172,Bharat Forge,Bajaj Auto,Pune,12,Electrical & Sensor,Optimal Stock,545,"₹42,287.00","₹23,046,415.00",18,"₹4,148,354.70","₹27,194,769.70"
PRT-IND-200173,Tata AutoComp,TVS Motor,Manesar,10,Braking System,Overstocked,1713,"₹6,337.50","₹10,856,137.50",28,"₹3,039,718.50","₹13,895,856.00"
PRT-IND-200174,Motherson Sumi,Maruti Suzuki,Chennai,22,Suspension,Overstocked,1795,"₹31,326.50","₹56,231,067.50",28,"₹15,744,698.90","₹71,975,766.40"
PRT-IND-200175,Bosch India,Hero MotoCorp,Jamshedpur,29,Transmission,Optimal Stock,986,"₹39,657.00","₹39,101,802.00",28,"₹10,948,504.56","₹50,050,306.56"
PRT-IND-200176,Mahindra CIE,Tata Motors,Gurugram,15,Suspension,Overstocked,1405,"₹34,099.50","₹47,909,797.50",28,"₹13,414,743.30","₹61,324,540.80"
PRT-IND-200177,Tata AutoComp,Mahindra & Mahindra,Manesar,25,Electrical & Sensor,Optimal Stock,674,"₹7,020.50","₹4,731,817.00",18,"₹851,727.06","₹5,583,544.06"
PRT-IND-200178,Bharat Forge,Maruti Suzuki,Pithampur,36,Transmission,Optimal Stock,737,"₹11,949.00","₹8,806,413.00",28,"₹2,465,795.64","₹11,272,208.64"
PRT-IND-200179,Motherson Sumi,Hero MotoCorp,Chennai,35,Braking System,Optimal Stock,584,"₹15,984.50","₹9,334,948.00",28,"₹2,613,785.44","₹11,948,733.44"
PRT-IND-200180,Mahindra CIE,Hero MotoCorp,Anantapur,29,Transmission,Overstocked,1582,"₹22,425.50","₹35,477,141.00",28,"₹9,933,599.48","₹45,410,740.48"
PRT-IND-200181,Tata AutoComp,Bajaj Auto,Gurugram,43,Transmission,Overstocked,1973,"₹2,873.00","₹5,668,429.00",28,"₹1,587,160.12","₹7,255,589.12"
PRT-IND-200182,Uno Minda,Mahindra & Mahindra,Gurugram,17,Engine Core,Reorder Needed,197,"₹49,512.00","₹9,753,864.00",28,"₹2,731,081.92","₹12,484,945.92"
PRT-IND-200183,Mahindra CIE,Tata Motors,Bengaluru,3,Engine Core,Overstocked,1693,"₹19,067.50","₹32,281,277.50",28,"₹9,038,757.70","₹41,320,035.20"
PRT-IND-200184,Mahindra CIE,Maruti Suzuki,Jamshedpur,13,Exhaust,Optimal Stock,939,"₹49,724.50","₹46,691,305.50",28,"₹13,073,565.54","₹59,764,871.04"
PRT-IND-200185,Mahindra CIE,TVS Motor,Pithampur,25,Transmission,Reorder Needed,173,"₹8,867.50","₹1,534,077.50",28,"₹429,541.70","₹1,963,619.20"
PRT-IND-200186,Tata AutoComp,Hyundai India,Bengaluru,16,Suspension,Optimal Stock,760,"₹4,013.50","₹3,050,260.00",28,"₹854,072.80","₹3,904,332.80"
PRT-IND-200187,Endurance Tech,Tata Motors,Anantapur,20,Transmission,Optimal Stock,531,"₹14,506.50","₹7,702,951.50",28,"₹2,156,826.42","₹9,859,777.92"
PRT-IND-200188,Motherson Sumi,Maruti Suzuki,Pithampur,25,Exhaust,Optimal Stock,1128,"₹10,938.00","₹12,338,064.00",28,"₹3,454,657.92","₹15,792,721.92"
PRT-IND-200189,Tata AutoComp,Maruti Suzuki,Manesar,22,Transmission,Overstocked,1828,"₹40,046.00","₹73,204,088.00",28,"₹20,497,144.64","₹93,701,232.64"
PRT-IND-200190,Bosch India,Mahindra & Mahindra,Pune,29,Transmission,Overstocked,1282,"₹1,551.50","₹1,989,023.00",28,"₹556,926.44","₹2,545,949.44"
PRT-IND-200191,Uno Minda,Bajaj Auto,Gurugram,9,Suspension,Overstocked,1904,"₹37,295.00","₹71,009,680.00",28,"₹19,882,710.40","₹90,892,390.40"
PRT-IND-200192,Mahindra CIE,Bajaj Auto,Gurugram,27,Exhaust,Optimal Stock,976,"₹7,982.50","₹7,790,920.00",28,"₹2,181,457.60","₹9,972,377.60"
PRT-IND-200193,Motherson Sumi,Bajaj Auto,Pithampur,14,Engine Core,Reorder Needed,253,"₹44,699.50","₹11,308,973.50",28,"₹3,166,512.58","₹14,475,486.08"
PRT-IND-200194,Bharat Forge,Mahindra & Mahindra,Anantapur,25,Transmission,Optimal Stock,368,"₹25,184.00","₹9,267,712.00",28,"₹2,594,959.36","₹11,862,671.36"
PRT-IND-200195,Uno Minda,Hyundai India,Manesar,20,Braking System,Optimal Stock,1127,"₹3,764.50","₹4,242,591.50",28,"₹1,187,925.62","₹5,430,517.12"
PRT-IND-200196,Uno Minda,Hero MotoCorp,Chennai,9,Suspension,Optimal Stock,1161,"₹39,416.00","₹45,761,976.00",28,"₹12,813,353.28","₹58,575,329.28"
PRT-IND-200197,Endurance Tech,Maruti Suzuki,Jamshedpur,28,Electrical & Sensor,Overstocked,1545,"₹14,773.00","₹22,824,285.00",18,"₹4,108,371.30","₹26,932,656.30"
PRT-IND-200198,Mahindra CIE,Hero MotoCorp,Chennai,9,Electrical & Sensor,Optimal Stock,609,"₹1,421.00","₹865,389.00",18,"₹155,770.02","₹1,021,159.02"
PRT-IND-200199,Tata AutoComp,Tata Motors,Gurugram,5,Electrical & Sensor,Optimal Stock,984,"₹38,690.50","₹38,071,452.00",18,"₹6,852,861.36","₹44,924,313.36"
PRT-IND-200200,Endurance Tech,Mahindra & Mahindra,Anantapur,23,Engine Core,Optimal Stock,1096,"₹29,649.00","₹32,495,304.00",28,"₹9,098,685.12","₹41,593,989.12"
PRT-IND-200201,Bharat Forge,Maruti Suzuki,Gurugram,35,Electrical & Sensor,Optimal Stock,640,"₹17,167.00","₹10,986,880.00",18,"₹1,977,638.40","₹12,964,518.40"
PRT-IND-200202,Bharat Forge,TVS Motor,Chennai,18,Suspension,Overstocked,1224,"₹40,320.50","₹49,352,292.00",28,"₹13,818,641.76","₹63,170,933.76"
PRT-IND-200203,Motherson Sumi,TVS Motor,Anantapur,13,Braking System,Overstocked,1871,"₹11,952.00","₹22,362,192.00",28,"₹6,261,413.76","₹28,623,605.76"
PRT-IND-200204,Mahindra CIE,Hero MotoCorp,Pithampur,19,Suspension,Optimal Stock,1165,"₹34,910.50","₹40,670,732.50",28,"₹11,387,805.10","₹52,058,537.60"
PRT-IND-200205,Uno Minda,Maruti Suzuki,Gurugram,5,Engine Core,Optimal Stock,439,"₹21,031.00","₹9,232,609.00",28,"₹2,585,130.52","₹11,817,739.52"
PRT-IND-200206,Bosch India,Bajaj Auto,Coimbatore,22,Exhaust,Overstocked,1223,"₹15,989.00","₹19,554,547.00",28,"₹5,475,273.16","₹25,029,820.16"
PRT-IND-200207,Tata AutoComp,Hero MotoCorp,Manesar,13,Engine Core,Overstocked,1501,"₹31,908.00","₹47,893,908.00",28,"₹13,410,294.24","₹61,304,202.24"
PRT-IND-200208,Endurance Tech,Tata Motors,Pithampur,36,Suspension,Overstocked,1301,"₹49,098.00","₹63,876,498.00",28,"₹17,885,419.44","₹81,761,917.44"
PRT-IND-200209,Tata AutoComp,Hero MotoCorp,Pune,24,Electrical & Sensor,Overstocked,1225,"₹28,595.00","₹35,028,875.00",18,"₹6,305,197.50","₹41,334,072.50"
PRT-IND-200210,Mahindra CIE,TVS Motor,Bengaluru,37,Engine Core,Overstocked,1932,"₹22,409.50","₹43,295,154.00",28,"₹12,122,643.12","₹55,417,797.12"
PRT-IND-200211,Endurance Tech,Hyundai India,Pune,13,Braking System,Optimal Stock,504,"₹17,764.50","₹8,953,308.00",28,"₹2,506,926.24","₹11,460,234.24"
PRT-IND-200212,Mahindra CIE,Mahindra & Mahindra,Pithampur,42,Electrical & Sensor,Overstocked,1920,"₹7,886.00","₹15,141,120.00",18,"₹2,725,401.60","₹17,866,521.60"
PRT-IND-200213,Bosch India,Tata Motors,Pithampur,4,Engine Core,Optimal Stock,305,"₹31,189.50","₹9,512,797.50",28,"₹2,663,583.30","₹12,176,380.80"
PRT-IND-200214,Uno Minda,TVS Motor,Jamshedpur,19,Braking System,Optimal Stock,1194,"₹30,620.00","₹36,560,280.00",28,"₹10,236,878.40","₹46,797,158.40"
PRT-IND-200215,Uno Minda,Hero MotoCorp,Bengaluru,30,Engine Core,Optimal Stock,494,"₹5,882.50","₹2,905,955.00",28,"₹813,667.40","₹3,719,622.40"
PRT-IND-200216,Endurance Tech,TVS Motor,Bengaluru,11,Transmission,Optimal Stock,921,"₹23,093.00","₹21,268,653.00",28,"₹5,955,222.84","₹27,223,875.84"
PRT-IND-200217,Bosch India,TVS Motor,Sanand,15,Engine Core,Optimal Stock,1152,"₹33,110.50","₹38,143,296.00",28,"₹10,680,122.88","₹48,823,418.88"
PRT-IND-200218,Endurance Tech,TVS Motor,Chennai,8,Engine Core,Optimal Stock,366,₹720.50,"₹263,703.00",28,"₹73,836.84","₹337,539.84"
PRT-IND-200219,Mahindra CIE,Tata Motors,Manesar,24,Electrical & Sensor,Overstocked,1402,"₹18,124.50","₹25,410,549.00",18,"₹4,573,898.82","₹29,984,447.82"
PRT-IND-200220,Tata AutoComp,Mahindra & Mahindra,Pune,5,Transmission,Overstocked,1368,"₹48,510.00","₹66,361,680.00",28,"₹18,581,270.40","₹84,942,950.40"
PRT-IND-200221,Uno Minda,Hyundai India,Jamshedpur,13,Exhaust,Optimal Stock,819,"₹12,199.00","₹9,990,981.00",28,"₹2,797,474.68","₹12,788,455.68"
PRT-IND-200222,Bharat Forge,Bajaj Auto,Jamshedpur,41,Braking System,Reorder Needed,59,"₹28,683.50","₹1,692,326.50",28,"₹473,851.42","₹2,166,177.92"
PRT-IND-200223,Mahindra CIE,Bajaj Auto,Pithampur,34,Electrical & Sensor,Optimal Stock,1054,"₹15,476.00","₹16,311,704.00",18,"₹2,936,106.72","₹19,247,810.72"
PRT-IND-200224,Motherson Sumi,Bajaj Auto,Pithampur,31,Suspension,Optimal Stock,1072,"₹14,770.00","₹15,833,440.00",28,"₹4,433,363.20","₹20,266,803.20"
PRT-IND-200225,Motherson Sumi,TVS Motor,Pithampur,26,Exhaust,Optimal Stock,721,"₹8,793.50","₹6,340,113.50",28,"₹1,775,231.78","₹8,115,345.28"
PRT-IND-200226,Motherson Sumi,Bajaj Auto,Gurugram,17,Exhaust,Overstocked,1957,"₹6,030.50","₹11,801,688.50",28,"₹3,304,472.78","₹15,106,161.28"
PRT-IND-200227,Endurance Tech,Bajaj Auto,Jamshedpur,9,Braking System,Optimal Stock,784,"₹42,564.50","₹33,370,568.00",28,"₹9,343,759.04","₹42,714,327.04"
PRT-IND-200228,Tata AutoComp,Hyundai India,Pune,8,Engine Core,Overstocked,1910,"₹3,093.50","₹5,908,585.00",28,"₹1,654,403.80","₹7,562,988.80"
PRT-IND-200229,Endurance Tech,Tata Motors,Manesar,6,Transmission,Optimal Stock,866,"₹24,491.50","₹21,209,639.00",28,"₹5,938,698.92","₹27,148,337.92"
PRT-IND-200230,Bharat Forge,Maruti Suzuki,Pune,7,Transmission,Reorder Needed,232,"₹19,060.00","₹4,421,920.00",28,"₹1,238,137.60","₹5,660,057.60"
PRT-IND-200231,Mahindra CIE,Tata Motors,Chennai,3,Braking System,Optimal Stock,1094,"₹16,200.00","₹17,722,800.00",28,"₹4,962,384.00","₹22,685,184.00"
PRT-IND-200232,Uno Minda,Maruti Suzuki,Sanand,4,Braking System,Reorder Needed,267,"₹2,688.00","₹717,696.00",28,"₹200,954.88","₹918,650.88"
PRT-IND-200233,Endurance Tech,Maruti Suzuki,Sanand,3,Engine Core,Optimal Stock,310,"₹1,503.00","₹465,930.00",28,"₹130,460.40","₹596,390.40"
PRT-IND-200234,Motherson Sumi,Hero MotoCorp,Sanand,29,Suspension,Overstocked,1445,"₹43,841.00","₹63,350,245.00",28,"₹17,738,068.60","₹81,088,313.60"
PRT-IND-200235,Bosch India,Hero MotoCorp,Sanand,6,Electrical & Sensor,Optimal Stock,360,"₹6,661.00","₹2,397,960.00",18,"₹431,632.80","₹2,829,592.80"
PRT-IND-200236,Motherson Sumi,Maruti Suzuki,Chennai,9,Electrical & Sensor,Overstocked,1719,"₹41,498.00","₹71,335,062.00",18,"₹12,840,311.16","₹84,175,373.16"
PRT-IND-200237,Uno Minda,Mahindra & Mahindra,Manesar,24,Transmission,Overstocked,1714,"₹20,935.00","₹35,882,590.00",28,"₹10,047,125.20","₹45,929,715.20"
PRT-IND-200238,Mahindra CIE,Tata Motors,Sanand,41,Electrical & Sensor,Overstocked,1999,"₹34,320.00","₹68,605,680.00",18,"₹12,349,022.40","₹80,954,702.40"
PRT-IND-200239,Mahindra CIE,Mahindra & Mahindra,Pune,22,Engine Core,Optimal Stock,324,"₹41,253.50","₹13,366,134.00",28,"₹3,742,517.52","₹17,108,651.52"
PRT-IND-200240,Endurance Tech,Mahindra & Mahindra,Coimbatore,22,Electrical & Sensor,Optimal Stock,818,"₹20,384.00","₹16,674,112.00",18,"₹3,001,340.16","₹19,675,452.16"
PRT-IND-200241,Uno Minda,Maruti Suzuki,Coimbatore,25,Engine Core,Optimal Stock,760,"₹31,437.50","₹23,892,500.00",28,"₹6,689,900.00","₹30,582,400.00"
PRT-IND-200242,Mahindra CIE,Hyundai India,Pune,20,Transmission,Optimal Stock,600,"₹13,200.00","₹7,920,000.00",28,"₹2,217,600.00","₹10,137,600.00"
PRT-IND-200243,Bharat Forge,TVS Motor,Anantapur,43,Transmission,Reorder Needed,295,"₹13,134.50","₹3,874,677.50",28,"₹1,084,909.70","₹4,959,587.20"
PRT-IND-200244,Bosch India,Mahindra & Mahindra,Sanand,39,Electrical & Sensor,Overstocked,1303,"₹47,393.50","₹61,753,730.50",18,"₹11,115,671.49","₹72,869,401.99"
PRT-IND-200245,Mahindra CIE,Tata Motors,Anantapur,34,Electrical & Sensor,Optimal Stock,817,"₹27,400.50","₹22,386,208.50",18,"₹4,029,517.53","₹26,415,726.03"
PRT-IND-200246,Endurance Tech,TVS Motor,Pune,43,Suspension,Overstocked,1272,"₹26,070.50","₹33,161,676.00",28,"₹9,285,269.28","₹42,446,945.28"
PRT-IND-200247,Tata AutoComp,TVS Motor,Pune,12,Transmission,Overstocked,1746,"₹28,580.50","₹49,901,553.00",28,"₹13,972,434.84","₹63,873,987.84"
PRT-IND-200248,Motherson Sumi,Bajaj Auto,Coimbatore,23,Braking System,Overstocked,1708,"₹2,191.50","₹3,743,082.00",28,"₹1,048,062.96","₹4,791,144.96"
PRT-IND-200249,Motherson Sumi,Hero MotoCorp,Manesar,37,Transmission,Reorder Needed,219,"₹8,601.00","₹1,883,619.00",28,"₹527,413.32","₹2,411,032.32"
PRT-IND-200250,Uno Minda,Bajaj Auto,Sanand,27,Electrical & Sensor,Reorder Needed,249,"₹39,656.00","₹9,874,344.00",18,"₹1,777,381.92","₹11,651,725.92"
PRT-IND-200251,Motherson Sumi,TVS Motor,Pithampur,36,Suspension,Optimal Stock,785,"₹9,668.00","₹7,589,380.00",28,"₹2,125,026.40","₹9,714,406.40"
PRT-IND-200252,Endurance Tech,Mahindra & Mahindra,Sanand,29,Electrical & Sensor,Optimal Stock,530,"₹22,442.00","₹11,894,260.00",18,"₹2,140,966.80","₹14,035,226.80"
PRT-IND-200253,Motherson Sumi,Hyundai India,Bengaluru,38,Suspension,Overstocked,1615,"₹5,558.00","₹8,976,170.00",28,"₹2,513,327.60","₹11,489,497.60"
PRT-IND-200254,Endurance Tech,Hyundai India,Gurugram,30,Exhaust,Overstocked,1280,"₹41,003.00","₹52,483,840.00",28,"₹14,695,475.20","₹67,179,315.20"
PRT-IND-200255,Motherson Sumi,Maruti Suzuki,Jamshedpur,9,Engine Core,Optimal Stock,480,"₹16,283.00","₹7,815,840.00",28,"₹2,188,435.20","₹10,004,275.20"
PRT-IND-200256,Uno Minda,Hero MotoCorp,Chennai,13,Electrical & Sensor,Reorder Needed,172,"₹44,894.00","₹7,721,768.00",18,"₹1,389,918.24","₹9,111,686.24"
PRT-IND-200257,Endurance Tech,TVS Motor,Pithampur,33,Suspension,Optimal Stock,1137,"₹11,689.00","₹13,290,393.00",28,"₹3,721,310.04","₹17,011,703.04"
PRT-IND-200258,Endurance Tech,Maruti Suzuki,Pithampur,6,Electrical & Sensor,Reorder Needed,90,"₹34,863.00","₹3,137,670.00",18,"₹564,780.60","₹3,702,450.60"
PRT-IND-200259,Endurance Tech,TVS Motor,Anantapur,37,Exhaust,Optimal Stock,460,"₹19,289.00","₹8,872,940.00",28,"₹2,484,423.20","₹11,357,363.20"
PRT-IND-200260,Tata AutoComp,Tata Motors,Sanand,35,Transmission,Optimal Stock,319,"₹10,194.50","₹3,252,045.50",28,"₹910,572.74","₹4,162,618.24"
PRT-IND-200261,Bharat Forge,Mahindra & Mahindra,Gurugram,26,Electrical & Sensor,Optimal Stock,878,"₹21,634.00","₹18,994,652.00",18,"₹3,419,037.36","₹22,413,689.36"
PRT-IND-200262,Tata AutoComp,Maruti Suzuki,Chennai,21,Braking System,Optimal Stock,1037,"₹11,201.50","₹11,615,955.50",28,"₹3,252,467.54","₹14,868,423.04"
PRT-IND-200263,Bosch India,Hyundai India,Pithampur,35,Exhaust,Reorder Needed,105,"₹29,284.50","₹3,074,872.50",28,"₹860,964.30","₹3,935,836.80"
PRT-IND-200264,Bosch India,Maruti Suzuki,Sanand,16,Electrical & Sensor,Optimal Stock,479,"₹34,720.50","₹16,631,119.50",18,"₹2,993,601.51","₹19,624,721.01"
PRT-IND-200265,Motherson Sumi,Tata Motors,Pune,28,Braking System,Optimal Stock,630,"₹17,518.00","₹11,036,340.00",28,"₹3,090,175.20","₹14,126,515.20"
PRT-IND-200266,Bosch India,Hero MotoCorp,Gurugram,40,Exhaust,Optimal Stock,845,"₹19,754.50","₹16,692,552.50",28,"₹4,673,914.70","₹21,366,467.20"
PRT-IND-200267,Mahindra CIE,TVS Motor,Pithampur,5,Braking System,Optimal Stock,332,"₹32,015.50","₹10,629,146.00",28,"₹2,976,160.88","₹13,605,306.88"
PRT-IND-200268,Mahindra CIE,Hero MotoCorp,Pune,31,Electrical & Sensor,Overstocked,1541,"₹40,017.50","₹61,666,967.50",18,"₹11,100,054.15","₹72,767,021.65"
PRT-IND-200269,Mahindra CIE,TVS Motor,Chennai,28,Transmission,Optimal Stock,728,"₹18,582.50","₹13,528,060.00",28,"₹3,787,856.80","₹17,315,916.80"
PRT-IND-200270,Uno Minda,Tata Motors,Anantapur,33,Engine Core,Optimal Stock,423,"₹11,394.00","₹4,819,662.00",28,"₹1,349,505.36","₹6,169,167.36"
PRT-IND-200271,Motherson Sumi,Hyundai India,Anantapur,39,Braking System,Overstocked,1771,"₹33,467.00","₹59,270,057.00",28,"₹16,595,615.96","₹75,865,672.96"
PRT-IND-200272,Bharat Forge,TVS Motor,Anantapur,31,Braking System,Overstocked,1585,"₹30,874.00","₹48,935,290.00",28,"₹13,701,881.20","₹62,637,171.20"
PRT-IND-200273,Uno Minda,Bajaj Auto,Jamshedpur,4,Engine Core,Optimal Stock,1153,"₹21,032.50","₹24,250,472.50",28,"₹6,790,132.30","₹31,040,604.80"
PRT-IND-200274,Tata AutoComp,Bajaj Auto,Coimbatore,13,Suspension,Optimal Stock,797,"₹36,837.50","₹29,359,487.50",28,"₹8,220,656.50","₹37,580,144.00"
PRT-IND-200275,Tata AutoComp,Bajaj Auto,Bengaluru,38,Electrical & Sensor,Optimal Stock,1010,"₹38,013.00","₹38,393,130.00",18,"₹6,910,763.40","₹45,303,893.40"
PRT-IND-200276,Bharat Forge,Tata Motors,Pithampur,42,Suspension,Reorder Needed,59,"₹32,454.50","₹1,914,815.50",28,"₹536,148.34","₹2,450,963.84"
PRT-IND-200277,Motherson Sumi,Mahindra & Mahindra,Sanand,23,Engine Core,Overstocked,1768,₹747.00,"₹1,320,696.00",28,"₹369,794.88","₹1,690,490.88"
PRT-IND-200278,Endurance Tech,Maruti Suzuki,Manesar,28,Transmission,Overstocked,1627,"₹46,343.00","₹75,400,061.00",28,"₹21,112,017.08","₹96,512,078.08"
PRT-IND-200279,Bosch India,TVS Motor,Sanand,30,Braking System,Overstocked,1386,"₹27,367.50","₹37,931,355.00",28,"₹10,620,779.40","₹48,552,134.40"
PRT-IND-200280,Endurance Tech,Hyundai India,Sanand,26,Suspension,Optimal Stock,1183,"₹24,661.00","₹29,173,963.00",28,"₹8,168,709.64","₹37,342,672.64"
PRT-IND-200281,Uno Minda,Bajaj Auto,Manesar,8,Braking System,Optimal Stock,904,"₹22,099.00","₹19,977,496.00",28,"₹5,593,698.88","₹25,571,194.88"
PRT-IND-200282,Bosch India,Maruti Suzuki,Sanand,30,Engine Core,Overstocked,1845,"₹26,322.00","₹48,564,090.00",28,"₹13,597,945.20","₹62,162,035.20"
PRT-IND-200283,Tata AutoComp,Hyundai India,Anantapur,9,Transmission,Overstocked,1912,"₹32,610.50","₹62,351,276.00",28,"₹17,458,357.28","₹79,809,633.28"
PRT-IND-200284,Bharat Forge,Hyundai India,Chennai,25,Transmission,Overstocked,1616,"₹31,768.50","₹51,337,896.00",28,"₹14,374,610.88","₹65,712,506.88"
PRT-IND-200285,Mahindra CIE,Maruti Suzuki,Pithampur,44,Transmission,Overstocked,1714,"₹28,621.50","₹49,057,251.00",28,"₹13,736,030.28","₹62,793,281.28"
PRT-IND-200286,Uno Minda,TVS Motor,Sanand,27,Engine Core,Optimal Stock,746,"₹49,556.00","₹36,968,776.00",28,"₹10,351,257.28","₹47,320,033.28"
PRT-IND-200287,Mahindra CIE,TVS Motor,Chennai,24,Braking System,Overstocked,1813,"₹24,502.00","₹44,422,126.00",28,"₹12,438,195.28","₹56,860,321.28"
PRT-IND-200288,Uno Minda,Hero MotoCorp,Sanand,44,Engine Core,Optimal Stock,828,"₹2,783.50","₹2,304,738.00",28,"₹645,326.64","₹2,950,064.64"
PRT-IND-200289,Endurance Tech,Mahindra & Mahindra,Bengaluru,31,Transmission,Optimal Stock,990,"₹38,599.50","₹38,213,505.00",28,"₹10,699,781.40","₹48,913,286.40"
PRT-IND-200290,Bharat Forge,Mahindra & Mahindra,Coimbatore,28,Transmission,Optimal Stock,925,"₹15,421.50","₹14,264,887.50",28,"₹3,994,168.50","₹18,259,056.00"
PRT-IND-200291,Mahindra CIE,Hyundai India,Manesar,38,Transmission,Overstocked,1360,"₹13,046.50","₹17,743,240.00",28,"₹4,968,107.20","₹22,711,347.20"
PRT-IND-200292,Tata AutoComp,Hyundai India,Chennai,33,Braking System,Overstocked,1545,"₹14,055.00","₹21,714,975.00",28,"₹6,080,193.00","₹27,795,168.00"
PRT-IND-200293,Motherson Sumi,Mahindra & Mahindra,Jamshedpur,35,Electrical & Sensor,Optimal Stock,582,"₹31,421.00","₹18,287,022.00",18,"₹3,291,663.96","₹21,578,685.96"
PRT-IND-200294,Endurance Tech,Hero MotoCorp,Coimbatore,38,Braking System,Overstocked,1741,"₹28,922.00","₹50,353,202.00",28,"₹14,098,896.56","₹64,452,098.56"
PRT-IND-200295,Endurance Tech,Mahindra & Mahindra,Sanand,40,Electrical & Sensor,Overstocked,1492,"₹26,500.00","₹39,538,000.00",18,"₹7,116,840.00","₹46,654,840.00"
PRT-IND-200296,Endurance Tech,Mahindra & Mahindra,Gurugram,3,Electrical & Sensor,Overstocked,1784,"₹41,557.50","₹74,138,580.00",18,"₹13,344,944.40","₹87,483,524.40"
PRT-IND-200297,Bharat Forge,Bajaj Auto,Gurugram,25,Transmission,Reorder Needed,123,₹946.50,"₹116,419.50",28,"₹32,597.46","₹149,016.96"
PRT-IND-200298,Mahindra CIE,Bajaj Auto,Jamshedpur,39,Suspension,Overstocked,1401,"₹22,929.50","₹32,124,229.50",28,"₹8,994,784.26","₹41,119,013.76"
PRT-IND-200299,Bosch India,Hyundai India,Bengaluru,31,Electrical & Sensor,Overstocked,1957,"₹48,343.50","₹94,608,229.50",18,"₹17,029,481.31","₹111,637,710.81"
PRT-IND-200300,Tata AutoComp,Hyundai India,Pune,7,Engine Core,Overstocked,1907,"₹44,410.50","₹84,690,823.50",28,"₹23,713,430.58","₹108,404,254.08"
PRT-IND-200301,Bharat Forge,Hero MotoCorp,Pune,24,Braking System,Optimal Stock,470,"₹43,410.00","₹20,402,700.00",28,"₹5,712,756.00","₹26,115,456.00"
PRT-IND-200302,Mahindra CIE,Mahindra & Mahindra,Bengaluru,40,Electrical & Sensor,Reorder Needed,255,"₹36,782.50","₹9,379,537.50",18,"₹1,688,316.75","₹11,067,854.25"
PRT-IND-200303,Tata AutoComp,Maruti Suzuki,Gurugram,23,Exhaust,Optimal Stock,668,"₹27,610.00","₹18,443,480.00",28,"₹5,164,174.40","₹23,607,654.40"
PRT-IND-200304,Mahindra CIE,Maruti Suzuki,Gurugram,17,Engine Core,Reorder Needed,100,"₹34,105.00","₹3,410,500.00",28,"₹954,940.00","₹4,365,440.00"
PRT-IND-200305,Uno Minda,Hyundai India,Coimbatore,16,Transmission,Overstocked,1749,"₹39,672.50","₹69,387,202.50",28,"₹19,428,416.70","₹88,815,619.20"
PRT-IND-200306,Bosch India,Mahindra & Mahindra,Manesar,23,Braking System,Reorder Needed,65,"₹43,314.50","₹2,815,442.50",28,"₹788,323.90","₹3,603,766.40"
PRT-IND-200307,Motherson Sumi,Hero MotoCorp,Jamshedpur,12,Exhaust,Optimal Stock,392,"₹16,798.00","₹6,584,816.00",28,"₹1,843,748.48","₹8,428,564.48"
PRT-IND-200308,Motherson Sumi,Maruti Suzuki,Pune,28,Braking System,Overstocked,1453,"₹28,758.00","₹41,785,374.00",28,"₹11,699,904.72","₹53,485,278.72"
PRT-IND-200309,Mahindra CIE,Hyundai India,Jamshedpur,43,Transmission,Optimal Stock,1098,"₹16,096.00","₹17,673,408.00",28,"₹4,948,554.24","₹22,621,962.24"
PRT-IND-200310,Mahindra CIE,Hero MotoCorp,Jamshedpur,10,Electrical & Sensor,Overstocked,1291,"₹34,153.50","₹44,092,168.50",18,"₹7,936,590.33","₹52,028,758.83"
PRT-IND-200311,Bosch India,Hyundai India,Gurugram,38,Suspension,Optimal Stock,730,"₹40,019.00","₹29,213,870.00",28,"₹8,179,883.60","₹37,393,753.60"
PRT-IND-200312,Uno Minda,Hero MotoCorp,Anantapur,30,Transmission,Optimal Stock,321,"₹27,991.00","₹8,985,111.00",28,"₹2,515,831.08","₹11,500,942.08"
PRT-IND-200313,Uno Minda,Mahindra & Mahindra,Sanand,28,Braking System,Reorder Needed,258,"₹40,604.00","₹10,475,832.00",28,"₹2,933,232.96","₹13,409,064.96"
PRT-IND-200314,Bosch India,Mahindra & Mahindra,Pune,39,Transmission,Optimal Stock,571,"₹40,249.50","₹22,982,464.50",28,"₹6,435,090.06","₹29,417,554.56"
PRT-IND-200315,Bharat Forge,Tata Motors,Sanand,18,Engine Core,Reorder Needed,285,"₹25,428.50","₹7,247,122.50",28,"₹2,029,194.30","₹9,276,316.80"
PRT-IND-200316,Motherson Sumi,Maruti Suzuki,Pune,27,Braking System,Overstocked,1709,"₹36,191.00","₹61,850,419.00",28,"₹17,318,117.32","₹79,168,536.32"
PRT-IND-200317,Endurance Tech,TVS Motor,Jamshedpur,33,Engine Core,Optimal Stock,543,"₹5,563.50","₹3,020,980.50",28,"₹845,874.54","₹3,866,855.04"
PRT-IND-200318,Mahindra CIE,Hero MotoCorp,Sanand,20,Suspension,Optimal Stock,766,"₹15,680.00","₹12,010,880.00",28,"₹3,363,046.40","₹15,373,926.40"
PRT-IND-200319,Endurance Tech,Maruti Suzuki,Sanand,12,Electrical & Sensor,Reorder Needed,158,"₹43,440.50","₹6,863,599.00",18,"₹1,235,447.82","₹8,099,046.82"
PRT-IND-200320,Mahindra CIE,Hero MotoCorp,Bengaluru,38,Electrical & Sensor,Overstocked,1271,"₹33,284.00","₹42,303,964.00",18,"₹7,614,713.52","₹49,918,677.52"
PRT-IND-200321,Uno Minda,Hyundai India,Coimbatore,41,Transmission,Optimal Stock,551,"₹3,823.00","₹2,106,473.00",28,"₹589,812.44","₹2,696,285.44"
PRT-IND-200322,Bosch India,Hyundai India,Anantapur,40,Transmission,Reorder Needed,104,"₹31,848.50","₹3,312,244.00",28,"₹927,428.32","₹4,239,672.32"
PRT-IND-200323,Endurance Tech,Bajaj Auto,Coimbatore,43,Exhaust,Overstocked,1819,"₹29,749.00","₹54,113,431.00",28,"₹15,151,760.68","₹69,265,191.68"
PRT-IND-200324,Bosch India,TVS Motor,Bengaluru,18,Engine Core,Overstocked,1508,"₹7,801.50","₹11,764,662.00",28,"₹3,294,105.36","₹15,058,767.36"
PRT-IND-200325,Tata AutoComp,Hero MotoCorp,Sanand,8,Suspension,Optimal Stock,665,"₹46,859.00","₹31,161,235.00",28,"₹8,725,145.80","₹39,886,380.80"
PRT-IND-200326,Uno Minda,Maruti Suzuki,Manesar,27,Braking System,Overstocked,1866,"₹46,778.00","₹87,287,748.00",28,"₹24,440,569.44","₹111,728,317.44"
PRT-IND-200327,Tata AutoComp,Hero MotoCorp,Gurugram,24,Suspension,Overstocked,1473,"₹25,360.50","₹37,356,016.50",28,"₹10,459,684.62","₹47,815,701.12"
PRT-IND-200328,Tata AutoComp,Mahindra & Mahindra,Coimbatore,44,Exhaust,Overstocked,1648,"₹23,893.00","₹39,375,664.00",28,"₹11,025,185.92","₹50,400,849.92"
PRT-IND-200329,Endurance Tech,Mahindra & Mahindra,Pithampur,29,Engine Core,Overstocked,1806,"₹20,708.00","₹37,398,648.00",28,"₹10,471,621.44","₹47,870,269.44"
PRT-IND-200330,Mahindra CIE,Tata Motors,Pithampur,34,Braking System,Optimal Stock,731,"₹16,098.00","₹11,767,638.00",28,"₹3,294,938.64","₹15,062,576.64"
PRT-IND-200331,Endurance Tech,Tata Motors,Jamshedpur,23,Transmission,Optimal Stock,625,"₹33,163.50","₹20,727,187.50",28,"₹5,803,612.50","₹26,530,800.00"
PRT-IND-200332,Mahindra CIE,TVS Motor,Sanand,15,Electrical & Sensor,Optimal Stock,700,"₹47,601.50","₹33,321,050.00",18,"₹5,997,789.00","₹39,318,839.00"
PRT-IND-200333,Bosch India,Maruti Suzuki,Anantapur,25,Suspension,Optimal Stock,592,"₹31,078.50","₹18,398,472.00",28,"₹5,151,572.16","₹23,550,044.16"
PRT-IND-200334,Tata AutoComp,Bajaj Auto,Coimbatore,8,Exhaust,Overstocked,1971,"₹17,709.00","₹34,904,439.00",28,"₹9,773,242.92","₹44,677,681.92"
PRT-IND-200335,Bosch India,Tata Motors,Pune,28,Braking System,Overstocked,1322,"₹7,943.00","₹10,500,646.00",28,"₹2,940,180.88","₹13,440,826.88"
PRT-IND-200336,Endurance Tech,Hyundai India,Jamshedpur,10,Transmission,Optimal Stock,755,"₹31,734.50","₹23,959,547.50",28,"₹6,708,673.30","₹30,668,220.80"
PRT-IND-200337,Endurance Tech,Maruti Suzuki,Bengaluru,43,Suspension,Optimal Stock,404,"₹26,286.00","₹10,619,544.00",28,"₹2,973,472.32","₹13,593,016.32"
PRT-IND-200338,Endurance Tech,Hyundai India,Anantapur,18,Exhaust,Overstocked,1781,"₹39,969.00","₹71,184,789.00",28,"₹19,931,740.92","₹91,116,529.92"
PRT-IND-200339,Endurance Tech,Maruti Suzuki,Pune,16,Transmission,Optimal Stock,1100,"₹42,992.00","₹47,291,200.00",28,"₹13,241,536.00","₹60,532,736.00"
PRT-IND-200340,Endurance Tech,Bajaj Auto,Sanand,4,Exhaust,Overstocked,1906,"₹18,912.50","₹36,047,225.00",28,"₹10,093,223.00","₹46,140,448.00"
PRT-IND-200341,Bharat Forge,Maruti Suzuki,Bengaluru,39,Exhaust,Optimal Stock,405,"₹21,013.50","₹8,510,467.50",28,"₹2,382,930.90","₹10,893,398.40"
PRT-IND-200342,Endurance Tech,Bajaj Auto,Coimbatore,13,Suspension,Overstocked,1467,"₹46,918.00","₹68,828,706.00",28,"₹19,272,037.68","₹88,100,743.68"
PRT-IND-200343,Bharat Forge,Tata Motors,Chennai,12,Electrical & Sensor,Optimal Stock,356,"₹34,357.50","₹12,231,270.00",18,"₹2,201,628.60","₹14,432,898.60"
PRT-IND-200344,Uno Minda,TVS Motor,Sanand,30,Electrical & Sensor,Overstocked,1531,"₹21,634.50","₹33,122,419.50",18,"₹5,962,035.51","₹39,084,455.01"
PRT-IND-200345,Motherson Sumi,Tata Motors,Gurugram,22,Braking System,Optimal Stock,1164,"₹4,456.00","₹5,186,784.00",28,"₹1,452,299.52","₹6,639,083.52"
PRT-IND-200346,Mahindra CIE,Mahindra & Mahindra,Pithampur,20,Exhaust,Reorder Needed,57,"₹17,245.00","₹982,965.00",28,"₹275,230.20","₹1,258,195.20"
PRT-IND-200347,Tata AutoComp,Tata Motors,Jamshedpur,42,Transmission,Optimal Stock,472,"₹12,076.50","₹5,700,108.00",28,"₹1,596,030.24","₹7,296,138.24"
PRT-IND-200348,Bosch India,Tata Motors,Anantapur,5,Electrical & Sensor,Optimal Stock,691,"₹12,836.00","₹8,869,676.00",18,"₹1,596,541.68","₹10,466,217.68"
PRT-IND-200349,Bosch India,Maruti Suzuki,Anantapur,24,Engine Core,Overstocked,1547,"₹6,877.00","₹10,638,719.00",28,"₹2,978,841.32","₹13,617,560.32"
PRT-IND-200350,Tata AutoComp,Maruti Suzuki,Manesar,13,Transmission,Overstocked,1645,"₹22,016.50","₹36,217,142.50",28,"₹10,140,799.90","₹46,357,942.40"
PRT-IND-200351,Endurance Tech,TVS Motor,Chennai,9,Electrical & Sensor,Overstocked,1604,"₹17,740.50","₹28,455,762.00",18,"₹5,122,037.16","₹33,577,799.16"
PRT-IND-200352,Bosch India,Bajaj Auto,Coimbatore,43,Exhaust,Overstocked,1246,"₹42,947.00","₹53,511,962.00",28,"₹14,983,349.36","₹68,495,311.36"
PRT-IND-200353,Mahindra CIE,TVS Motor,Manesar,9,Suspension,Optimal Stock,349,"₹22,771.50","₹7,947,253.50",28,"₹2,225,230.98","₹10,172,484.48"
PRT-IND-200354,Bosch India,Mahindra & Mahindra,Chennai,41,Engine Core,Overstocked,1584,"₹1,501.50","₹2,378,376.00",28,"₹665,945.28","₹3,044,321.28"
PRT-IND-200355,Bharat Forge,Hero MotoCorp,Pithampur,39,Suspension,Overstocked,1559,"₹35,250.00","₹54,954,750.00",28,"₹15,387,330.00","₹70,342,080.00"
PRT-IND-200356,Uno Minda,Maruti Suzuki,Gurugram,16,Transmission,Optimal Stock,1028,"₹6,823.00","₹7,014,044.00",28,"₹1,963,932.32","₹8,977,976.32"
PRT-IND-200357,Bharat Forge,Maruti Suzuki,Jamshedpur,36,Electrical & Sensor,Overstocked,1488,"₹34,495.50","₹51,329,304.00",18,"₹9,239,274.72","₹60,568,578.72"
PRT-IND-200358,Motherson Sumi,Tata Motors,Chennai,25,Suspension,Optimal Stock,322,"₹48,805.50","₹15,715,371.00",28,"₹4,400,303.88","₹20,115,674.88"
PRT-IND-200359,Uno Minda,TVS Motor,Sanand,22,Electrical & Sensor,Overstocked,1961,"₹47,533.50","₹93,213,193.50",18,"₹16,778,374.83","₹109,991,568.33"
PRT-IND-200360,Tata AutoComp,Hyundai India,Chennai,16,Exhaust,Overstocked,1576,"₹23,138.50","₹36,466,276.00",28,"₹10,210,557.28","₹46,676,833.28"
PRT-IND-200361,Endurance Tech,Maruti Suzuki,Manesar,18,Electrical & Sensor,Overstocked,1721,"₹43,104.00","₹74,181,984.00",18,"₹13,352,757.12","₹87,534,741.12"
PRT-IND-200362,Bharat Forge,Maruti Suzuki,Gurugram,3,Electrical & Sensor,Optimal Stock,572,"₹5,649.50","₹3,231,514.00",18,"₹581,672.52","₹3,813,186.52"
PRT-IND-200363,Endurance Tech,TVS Motor,Bengaluru,15,Transmission,Optimal Stock,701,"₹42,708.00","₹29,938,308.00",28,"₹8,382,726.24","₹38,321,034.24"
PRT-IND-200364,Bharat Forge,Hyundai India,Jamshedpur,31,Transmission,Overstocked,1213,"₹14,137.00","₹17,148,181.00",28,"₹4,801,490.68","₹21,949,671.68"
PRT-IND-200365,Motherson Sumi,Maruti Suzuki,Gurugram,17,Exhaust,Overstocked,1828,"₹3,922.50","₹7,170,330.00",28,"₹2,007,692.40","₹9,178,022.40"
PRT-IND-200366,Bosch India,TVS Motor,Chennai,5,Electrical & Sensor,Reorder Needed,157,"₹4,952.00","₹777,464.00",18,"₹139,943.52","₹917,407.52"
PRT-IND-200367,Endurance Tech,Bajaj Auto,Gurugram,34,Engine Core,Overstocked,1422,"₹31,138.00","₹44,278,236.00",28,"₹12,397,906.08","₹56,676,142.08"
PRT-IND-200368,Uno Minda,Hyundai India,Chennai,5,Braking System,Overstocked,1809,"₹7,509.50","₹13,584,685.50",28,"₹3,803,711.94","₹17,388,397.44"
PRT-IND-200369,Endurance Tech,TVS Motor,Sanand,37,Engine Core,Optimal Stock,444,"₹47,414.00","₹21,051,816.00",28,"₹5,894,508.48","₹26,946,324.48"
PRT-IND-200370,Tata AutoComp,Bajaj Auto,Pithampur,19,Suspension,Reorder Needed,257,"₹37,981.00","₹9,761,117.00",28,"₹2,733,112.76","₹12,494,229.76"
PRT-IND-200371,Bharat Forge,Bajaj Auto,Chennai,16,Exhaust,Overstocked,1481,"₹47,531.50","₹70,394,151.50",28,"₹19,710,362.42","₹90,104,513.92"
PRT-IND-200372,Bosch India,Maruti Suzuki,Bengaluru,13,Exhaust,Optimal Stock,754,"₹33,902.50","₹25,562,485.00",28,"₹7,157,495.80","₹32,719,980.80"
PRT-IND-200373,Tata AutoComp,Maruti Suzuki,Bengaluru,6,Transmission,Optimal Stock,320,"₹26,570.00","₹8,502,400.00",28,"₹2,380,672.00","₹10,883,072.00"
PRT-IND-200374,Motherson Sumi,TVS Motor,Manesar,20,Transmission,Optimal Stock,543,"₹32,067.00","₹17,412,381.00",28,"₹4,875,466.68","₹22,287,847.68"
PRT-IND-200375,Mahindra CIE,Maruti Suzuki,Jamshedpur,31,Engine Core,Optimal Stock,385,"₹19,699.00","₹7,584,115.00",28,"₹2,123,552.20","₹9,707,667.20"
PRT-IND-200376,Motherson Sumi,Maruti Suzuki,Anantapur,18,Engine Core,Overstocked,1610,"₹7,380.50","₹11,882,605.00",28,"₹3,327,129.40","₹15,209,734.40"
PRT-IND-200377,Bharat Forge,Bajaj Auto,Sanand,14,Suspension,Overstocked,1889,"₹2,884.00","₹5,447,876.00",28,"₹1,525,405.28","₹6,973,281.28"
PRT-IND-200378,Motherson Sumi,Maruti Suzuki,Sanand,4,Suspension,Reorder Needed,250,"₹35,719.50","₹8,929,875.00",28,"₹2,500,365.00","₹11,430,240.00"
PRT-IND-200379,Bosch India,Mahindra & Mahindra,Bengaluru,23,Electrical & Sensor,Reorder Needed,168,"₹43,570.50","₹7,319,844.00",18,"₹1,317,571.92","₹8,637,415.92"
PRT-IND-200380,Bosch India,Bajaj Auto,Manesar,12,Transmission,Overstocked,1205,"₹44,924.00","₹54,133,420.00",28,"₹15,157,357.60","₹69,290,777.60"
PRT-IND-200381,Tata AutoComp,Hyundai India,Anantapur,6,Suspension,Overstocked,1398,"₹27,280.00","₹38,137,440.00",28,"₹10,678,483.20","₹48,815,923.20"
PRT-IND-200382,Tata AutoComp,Tata Motors,Anantapur,32,Exhaust,Overstocked,1490,"₹31,992.50","₹47,668,825.00",28,"₹13,347,271.00","₹61,016,096.00"
PRT-IND-200383,Bharat Forge,Mahindra & Mahindra,Bengaluru,20,Suspension,Optimal Stock,423,"₹47,442.50","₹20,068,177.50",28,"₹5,619,089.70","₹25,687,267.20"
PRT-IND-200384,Bosch India,TVS Motor,Pithampur,38,Exhaust,Overstocked,1911,"₹20,129.00","₹38,466,519.00",28,"₹10,770,625.32","₹49,237,144.32"
PRT-IND-200385,Bosch India,Hyundai India,Chennai,16,Engine Core,Reorder Needed,65,"₹31,345.00","₹2,037,425.00",28,"₹570,479.00","₹2,607,904.00"
PRT-IND-200386,Endurance Tech,Bajaj Auto,Manesar,35,Exhaust,Overstocked,1258,"₹39,839.50","₹50,118,091.00",28,"₹14,033,065.48","₹64,151,156.48"
PRT-IND-200387,Endurance Tech,Hero MotoCorp,Bengaluru,14,Braking System,Overstocked,1556,"₹7,591.00","₹11,811,596.00",28,"₹3,307,246.88","₹15,118,842.88"
PRT-IND-200388,Bosch India,Mahindra & Mahindra,Pune,27,Transmission,Optimal Stock,679,"₹32,533.50","₹22,090,246.50",28,"₹6,185,269.02","₹28,275,515.52"
PRT-IND-200389,Bosch India,Bajaj Auto,Bengaluru,26,Transmission,Optimal Stock,968,"₹12,878.50","₹12,466,388.00",28,"₹3,490,588.64","₹15,956,976.64"
PRT-IND-200390,Mahindra CIE,Bajaj Auto,Manesar,31,Suspension,Optimal Stock,1040,"₹20,548.50","₹21,370,440.00",28,"₹5,983,723.20","₹27,354,163.20"
PRT-IND-200391,Endurance Tech,Mahindra & Mahindra,Jamshedpur,5,Braking System,Optimal Stock,1034,"₹10,811.00","₹11,178,574.00",28,"₹3,130,000.72","₹14,308,574.72"
PRT-IND-200392,Uno Minda,TVS Motor,Pithampur,13,Exhaust,Reorder Needed,166,"₹29,912.50","₹4,965,475.00",28,"₹1,390,333.00","₹6,355,808.00"
PRT-IND-200393,Bharat Forge,Hyundai India,Bengaluru,8,Electrical & Sensor,Reorder Needed,204,"₹31,275.50","₹6,380,202.00",18,"₹1,148,436.36","₹7,528,638.36"
PRT-IND-200394,Endurance Tech,Bajaj Auto,Sanand,37,Transmission,Optimal Stock,1137,"₹20,471.00","₹23,275,527.00",28,"₹6,517,147.56","₹29,792,674.56"
PRT-IND-200395,Bosch India,Mahindra & Mahindra,Anantapur,43,Suspension,Overstocked,1816,"₹36,133.50","₹65,618,436.00",28,"₹18,373,162.08","₹83,991,598.08"
PRT-IND-200396,Bharat Forge,Hero MotoCorp,Jamshedpur,31,Exhaust,Optimal Stock,758,"₹29,867.00","₹22,639,186.00",28,"₹6,338,972.08","₹28,978,158.08"
PRT-IND-200397,Uno Minda,Hyundai India,Bengaluru,11,Engine Core,Overstocked,1483,"₹41,509.00","₹61,557,847.00",28,"₹17,236,197.16","₹78,794,044.16"
PRT-IND-200398,Motherson Sumi,Hyundai India,Chennai,12,Braking System,Overstocked,1772,"₹15,111.50","₹26,777,578.00",28,"₹7,497,721.84","₹34,275,299.84"
PRT-IND-200399,Tata AutoComp,Mahindra & Mahindra,Pune,17,Electrical & Sensor,Optimal Stock,665,"₹49,303.50","₹32,786,827.50",18,"₹5,901,628.95","₹38,688,456.45"
PRT-IND-200400,Bosch India,Hero MotoCorp,Pune,11,Transmission,Overstocked,1381,"₹26,058.50","₹35,986,788.50",28,"₹10,076,300.78","₹46,063,089.28"
PRT-IND-200401,Endurance Tech,Hero MotoCorp,Bengaluru,44,Suspension,Overstocked,1498,"₹28,220.50","₹42,274,309.00",28,"₹11,836,806.52","₹54,111,115.52"
PRT-IND-200402,Bharat Forge,Maruti Suzuki,Gurugram,25,Transmission,Overstocked,1398,"₹6,259.00","₹8,750,082.00",28,"₹2,450,022.96","₹11,200,104.96"
PRT-IND-200403,Mahindra CIE,Maruti Suzuki,Jamshedpur,41,Braking System,Optimal Stock,1000,"₹37,762.00","₹37,762,000.00",28,"₹10,573,360.00","₹48,335,360.00"
PRT-IND-200404,Endurance Tech,Maruti Suzuki,Anantapur,11,Braking System,Overstocked,1342,"₹33,085.50","₹44,400,741.00",28,"₹12,432,207.48","₹56,832,948.48"
PRT-IND-200405,Mahindra CIE,Mahindra & Mahindra,Sanand,39,Engine Core,Optimal Stock,1038,"₹45,860.50","₹47,603,199.00",28,"₹13,328,895.72","₹60,932,094.72"
PRT-IND-200406,Motherson Sumi,Bajaj Auto,Jamshedpur,6,Suspension,Overstocked,1965,"₹22,446.50","₹44,107,372.50",28,"₹12,350,064.30","₹56,457,436.80"
PRT-IND-200407,Uno Minda,Tata Motors,Gurugram,38,Engine Core,Optimal Stock,587,"₹37,966.00","₹22,286,042.00",28,"₹6,240,091.76","₹28,526,133.76"
PRT-IND-200408,Tata AutoComp,Mahindra & Mahindra,Jamshedpur,29,Suspension,Optimal Stock,443,"₹48,562.00","₹21,512,966.00",28,"₹6,023,630.48","₹27,536,596.48"
PRT-IND-200409,Mahindra CIE,Hero MotoCorp,Pithampur,43,Transmission,Overstocked,1354,"₹37,268.00","₹50,460,872.00",28,"₹14,129,044.16","₹64,589,916.16"
PRT-IND-200410,Uno Minda,TVS Motor,Pune,43,Braking System,Overstocked,1335,"₹19,836.00","₹26,481,060.00",28,"₹7,414,696.80","₹33,895,756.80"
PRT-IND-200411,Tata AutoComp,Mahindra & Mahindra,Chennai,30,Electrical & Sensor,Optimal Stock,349,"₹37,282.50","₹13,011,592.50",18,"₹2,342,086.65","₹15,353,679.15"
PRT-IND-200412,Endurance Tech,Bajaj Auto,Coimbatore,3,Engine Core,Optimal Stock,899,"₹7,948.50","₹7,145,701.50",28,"₹2,000,796.42","₹9,146,497.92"
PRT-IND-200413,Bharat Forge,Maruti Suzuki,Coimbatore,39,Suspension,Optimal Stock,868,"₹41,259.00","₹35,812,812.00",28,"₹10,027,587.36","₹45,840,399.36"
PRT-IND-200414,Mahindra CIE,Bajaj Auto,Pithampur,21,Suspension,Overstocked,1677,"₹30,049.00","₹50,392,173.00",28,"₹14,109,808.44","₹64,501,981.44"
PRT-IND-200415,Motherson Sumi,Hero MotoCorp,Bengaluru,31,Electrical & Sensor,Optimal Stock,983,"₹5,067.50","₹4,981,352.50",18,"₹896,643.45","₹5,877,995.95"
PRT-IND-200416,Uno Minda,Hyundai India,Pune,20,Electrical & Sensor,Optimal Stock,350,"₹17,892.50","₹6,262,375.00",18,"₹1,127,227.50","₹7,389,602.50"
PRT-IND-200417,Bharat Forge,TVS Motor,Coimbatore,14,Exhaust,Optimal Stock,1170,"₹17,330.50","₹20,276,685.00",28,"₹5,677,471.80","₹25,954,156.80"
PRT-IND-200418,Endurance Tech,Hyundai India,Manesar,43,Exhaust,Optimal Stock,591,"₹36,698.50","₹21,688,813.50",28,"₹6,072,867.78","₹27,761,681.28"
PRT-IND-200419,Uno Minda,Maruti Suzuki,Manesar,13,Electrical & Sensor,Overstocked,1401,"₹8,236.50","₹11,539,336.50",18,"₹2,077,080.57","₹13,616,417.07"
PRT-IND-200420,Motherson Sumi,Hero MotoCorp,Chennai,14,Electrical & Sensor,Optimal Stock,966,"₹20,568.00","₹19,868,688.00",18,"₹3,576,363.84","₹23,445,051.84"
PRT-IND-200421,Motherson Sumi,Tata Motors,Chennai,37,Electrical & Sensor,Optimal Stock,318,"₹25,044.00","₹7,963,992.00",18,"₹1,433,518.56","₹9,397,510.56"
PRT-IND-200422,Tata AutoComp,Maruti Suzuki,Pithampur,7,Exhaust,Optimal Stock,655,"₹30,156.00","₹19,752,180.00",28,"₹5,530,610.40","₹25,282,790.40"
PRT-IND-200423,Bharat Forge,Hero MotoCorp,Coimbatore,17,Suspension,Optimal Stock,1025,"₹17,792.00","₹18,236,800.00",28,"₹5,106,304.00","₹23,343,104.00"
PRT-IND-200424,Uno Minda,Maruti Suzuki,Jamshedpur,32,Electrical & Sensor,Overstocked,1421,"₹32,140.00","₹45,670,940.00",18,"₹8,220,769.20","₹53,891,709.20"
PRT-IND-200425,Mahindra CIE,Bajaj Auto,Gurugram,12,Braking System,Overstocked,1471,"₹36,864.00","₹54,226,944.00",28,"₹15,183,544.32","₹69,410,488.32"
PRT-IND-200426,Bosch India,Bajaj Auto,Anantapur,10,Transmission,Overstocked,1441,"₹3,499.50","₹5,042,779.50",28,"₹1,411,978.26","₹6,454,757.76"
PRT-IND-200427,Tata AutoComp,TVS Motor,Sanand,17,Suspension,Optimal Stock,1149,"₹12,871.00","₹14,788,779.00",28,"₹4,140,858.12","₹18,929,637.12"
PRT-IND-200428,Motherson Sumi,Mahindra & Mahindra,Pithampur,3,Transmission,Optimal Stock,758,"₹1,686.00","₹1,277,988.00",28,"₹357,836.64","₹1,635,824.64"
PRT-IND-200429,Bosch India,Mahindra & Mahindra,Sanand,22,Exhaust,Optimal Stock,562,"₹18,030.50","₹10,133,141.00",28,"₹2,837,279.48","₹12,970,420.48"
PRT-IND-200430,Bharat Forge,Maruti Suzuki,Bengaluru,39,Suspension,Optimal Stock,1096,"₹13,152.00","₹14,414,592.00",28,"₹4,036,085.76","₹18,450,677.76"
PRT-IND-200431,Uno Minda,Hyundai India,Pune,10,Electrical & Sensor,Reorder Needed,226,"₹36,662.00","₹8,285,612.00",18,"₹1,491,410.16","₹9,777,022.16"
PRT-IND-200432,Uno Minda,Mahindra & Mahindra,Pithampur,28,Suspension,Optimal Stock,403,"₹10,782.50","₹4,345,347.50",28,"₹1,216,697.30","₹5,562,044.80"
PRT-IND-200433,Tata AutoComp,Tata Motors,Coimbatore,42,Braking System,Optimal Stock,1121,"₹38,641.00","₹43,316,561.00",28,"₹12,128,637.08","₹55,445,198.08"
PRT-IND-200434,Endurance Tech,Hero MotoCorp,Jamshedpur,25,Engine Core,Optimal Stock,852,"₹2,313.50","₹1,971,102.00",28,"₹551,908.56","₹2,523,010.56"
PRT-IND-200435,Motherson Sumi,Tata Motors,Coimbatore,19,Exhaust,Overstocked,1511,"₹17,783.00","₹26,870,113.00",28,"₹7,523,631.64","₹34,393,744.64"
PRT-IND-200436,Bosch India,Mahindra & Mahindra,Anantapur,19,Braking System,Optimal Stock,643,"₹21,663.50","₹13,929,630.50",28,"₹3,900,296.54","₹17,829,927.04"
PRT-IND-200437,Bosch India,Hero MotoCorp,Bengaluru,36,Transmission,Optimal Stock,817,"₹46,680.50","₹38,137,968.50",28,"₹10,678,631.18","₹48,816,599.68"
PRT-IND-200438,Endurance Tech,Hero MotoCorp,Jamshedpur,27,Electrical & Sensor,Optimal Stock,441,"₹8,462.00","₹3,731,742.00",18,"₹671,713.56","₹4,403,455.56"
PRT-IND-200439,Mahindra CIE,Hero MotoCorp,Manesar,42,Electrical & Sensor,Optimal Stock,514,"₹14,640.00","₹7,524,960.00",18,"₹1,354,492.80","₹8,879,452.80"
PRT-IND-200440,Bharat Forge,Hyundai India,Pithampur,38,Suspension,Reorder Needed,236,"₹6,365.50","₹1,502,258.00",28,"₹420,632.24","₹1,922,890.24"
PRT-IND-200441,Motherson Sumi,Bajaj Auto,Pithampur,31,Suspension,Reorder Needed,262,"₹25,267.50","₹6,620,085.00",28,"₹1,853,623.80","₹8,473,708.80"
PRT-IND-200442,Endurance Tech,Maruti Suzuki,Gurugram,20,Suspension,Overstocked,1969,"₹35,140.00","₹69,190,660.00",28,"₹19,373,384.80","₹88,564,044.80"
PRT-IND-200443,Bosch India,Maruti Suzuki,Anantapur,34,Electrical & Sensor,Optimal Stock,555,"₹8,818.50","₹4,894,267.50",18,"₹880,968.15","₹5,775,235.65"
PRT-IND-200444,Tata AutoComp,Tata Motors,Coimbatore,13,Electrical & Sensor,Overstocked,1633,"₹14,385.00","₹23,490,705.00",18,"₹4,228,326.90","₹27,719,031.90"
PRT-IND-200445,Tata AutoComp,Maruti Suzuki,Jamshedpur,35,Electrical & Sensor,Reorder Needed,110,"₹44,440.50","₹4,888,455.00",18,"₹879,921.90","₹5,768,376.90"
PRT-IND-200446,Tata AutoComp,Hero MotoCorp,Sanand,44,Electrical & Sensor,Optimal Stock,861,"₹32,045.50","₹27,591,175.50",18,"₹4,966,411.59","₹32,557,587.09"
PRT-IND-200447,Endurance Tech,TVS Motor,Chennai,38,Exhaust,Optimal Stock,896,"₹5,756.00","₹5,157,376.00",28,"₹1,444,065.28","₹6,601,441.28"
PRT-IND-200448,Endurance Tech,Bajaj Auto,Manesar,14,Engine Core,Optimal Stock,631,"₹4,093.00","₹2,582,683.00",28,"₹723,151.24","₹3,305,834.24"
PRT-IND-200449,Endurance Tech,Tata Motors,Pune,21,Braking System,Overstocked,1379,"₹39,878.00","₹54,991,762.00",28,"₹15,397,693.36","₹70,389,455.36"
PRT-IND-200450,Motherson Sumi,Bajaj Auto,Pune,24,Electrical & Sensor,Overstocked,1437,"₹17,799.00","₹25,577,163.00",18,"₹4,603,889.34","₹30,181,052.34"
PRT-IND-200451,Endurance Tech,TVS Motor,Pune,21,Transmission,Optimal Stock,1191,"₹28,220.00","₹33,610,020.00",28,"₹9,410,805.60","₹43,020,825.60"
PRT-IND-200452,Uno Minda,Hero MotoCorp,Coimbatore,16,Engine Core,Optimal Stock,987,"₹46,992.00","₹46,381,104.00",28,"₹12,986,709.12","₹59,367,813.12"
PRT-IND-200453,Bharat Forge,Mahindra & Mahindra,Pithampur,6,Electrical & Sensor,Overstocked,1485,"₹16,624.50","₹24,687,382.50",18,"₹4,443,728.85","₹29,131,111.35"
PRT-IND-200454,Uno Minda,Hero MotoCorp,Bengaluru,37,Engine Core,Optimal Stock,561,"₹12,610.50","₹7,074,490.50",28,"₹1,980,857.34","₹9,055,347.84"
PRT-IND-200455,Bharat Forge,Hyundai India,Chennai,20,Transmission,Optimal Stock,439,"₹33,571.00","₹14,737,669.00",28,"₹4,126,547.32","₹18,864,216.32"
PRT-IND-200456,Mahindra CIE,Maruti Suzuki,Manesar,33,Suspension,Overstocked,1891,"₹3,977.00","₹7,520,507.00",28,"₹2,105,741.96","₹9,626,248.96"
PRT-IND-200457,Bharat Forge,Tata Motors,Sanand,44,Electrical & Sensor,Overstocked,1675,"₹24,948.50","₹41,788,737.50",18,"₹7,521,972.75","₹49,310,710.25"
PRT-IND-200458,Motherson Sumi,Hyundai India,Coimbatore,31,Braking System,Overstocked,1792,"₹20,007.50","₹35,853,440.00",28,"₹10,038,963.20","₹45,892,403.20"
PRT-IND-200459,Tata AutoComp,TVS Motor,Bengaluru,37,Braking System,Reorder Needed,233,"₹39,158.50","₹9,123,930.50",28,"₹2,554,700.54","₹11,678,631.04"
PRT-IND-200460,Endurance Tech,Hyundai India,Pune,16,Engine Core,Overstocked,1944,"₹25,813.00","₹50,180,472.00",28,"₹14,050,532.16","₹64,231,004.16"
PRT-IND-200461,Mahindra CIE,Maruti Suzuki,Bengaluru,31,Exhaust,Reorder Needed,81,"₹46,200.00","₹3,742,200.00",28,"₹1,047,816.00","₹4,790,016.00"
PRT-IND-200462,Mahindra CIE,Mahindra & Mahindra,Pithampur,6,Suspension,Overstocked,1631,"₹41,110.00","₹67,050,410.00",28,"₹18,774,114.80","₹85,824,524.80"
PRT-IND-200463,Mahindra CIE,Mahindra & Mahindra,Chennai,11,Suspension,Optimal Stock,730,"₹41,606.50","₹30,372,745.00",28,"₹8,504,368.60","₹38,877,113.60"
PRT-IND-200464,Bharat Forge,Hero MotoCorp,Gurugram,22,Suspension,Overstocked,1406,"₹36,570.00","₹51,417,420.00",28,"₹14,396,877.60","₹65,814,297.60"
PRT-IND-200465,Motherson Sumi,TVS Motor,Chennai,42,Braking System,Optimal Stock,845,"₹13,520.00","₹11,424,400.00",28,"₹3,198,832.00","₹14,623,232.00"
PRT-IND-200466,Bharat Forge,Hyundai India,Coimbatore,26,Braking System,Overstocked,1905,"₹42,883.00","₹81,692,115.00",28,"₹22,873,792.20","₹104,565,907.20"
PRT-IND-200467,Tata AutoComp,Hero MotoCorp,Coimbatore,37,Transmission,Optimal Stock,398,"₹32,500.50","₹12,935,199.00",28,"₹3,621,855.72","₹16,557,054.72"
PRT-IND-200468,Motherson Sumi,Hero MotoCorp,Pithampur,20,Exhaust,Reorder Needed,278,"₹49,381.50","₹13,728,057.00",28,"₹3,843,855.96","₹17,571,912.96"
PRT-IND-200469,Uno Minda,Maruti Suzuki,Gurugram,25,Exhaust,Optimal Stock,1129,"₹14,846.50","₹16,761,698.50",28,"₹4,693,275.58","₹21,454,974.08"
PRT-IND-200470,Endurance Tech,Hyundai India,Pune,21,Engine Core,Optimal Stock,374,"₹38,019.50","₹14,219,293.00",28,"₹3,981,402.04","₹18,200,695.04"
PRT-IND-200471,Uno Minda,Mahindra & Mahindra,Coimbatore,41,Suspension,Overstocked,1865,"₹11,972.00","₹22,327,780.00",28,"₹6,251,778.40","₹28,579,558.40"
PRT-IND-200472,Tata AutoComp,Mahindra & Mahindra,Pune,20,Engine Core,Optimal Stock,950,"₹31,460.50","₹29,887,475.00",28,"₹8,368,493.00","₹38,255,968.00"
PRT-IND-200473,Bosch India,Hero MotoCorp,Coimbatore,13,Suspension,Optimal Stock,450,"₹16,464.00","₹7,408,800.00",28,"₹2,074,464.00","₹9,483,264.00"
PRT-IND-200474,Mahindra CIE,Tata Motors,Bengaluru,21,Transmission,Overstocked,1613,"₹27,056.50","₹43,642,134.50",28,"₹12,219,797.66","₹55,861,932.16"
PRT-IND-200475,Uno Minda,Tata Motors,Chennai,18,Suspension,Reorder Needed,148,"₹1,063.00","₹157,324.00",28,"₹44,050.72","₹201,374.72"
PRT-IND-200476,Motherson Sumi,Hyundai India,Jamshedpur,33,Engine Core,Optimal Stock,582,"₹25,365.50","₹14,762,721.00",28,"₹4,133,561.88","₹18,896,282.88"
PRT-IND-200477,Bosch India,Tata Motors,Jamshedpur,37,Engine Core,Overstocked,1594,"₹28,347.00","₹45,185,118.00",28,"₹12,651,833.04","₹57,836,951.04"
PRT-IND-200478,Endurance Tech,Tata Motors,Jamshedpur,26,Suspension,Overstocked,1409,"₹19,411.50","₹27,350,803.50",28,"₹7,658,224.98","₹35,009,028.48"
PRT-IND-200479,Motherson Sumi,TVS Motor,Jamshedpur,21,Electrical & Sensor,Overstocked,1564,"₹37,694.50","₹58,954,198.00",18,"₹10,611,755.64","₹69,565,953.64"
PRT-IND-200480,Uno Minda,TVS Motor,Chennai,31,Transmission,Overstocked,1645,"₹41,940.00","₹68,991,300.00",28,"₹19,317,564.00","₹88,308,864.00"
PRT-IND-200481,Bharat Forge,Hero MotoCorp,Pithampur,10,Braking System,Optimal Stock,650,"₹42,185.50","₹27,420,575.00",28,"₹7,677,761.00","₹35,098,336.00"
PRT-IND-200482,Bharat Forge,Bajaj Auto,Jamshedpur,16,Exhaust,Overstocked,1352,"₹40,274.00","₹54,450,448.00",28,"₹15,246,125.44","₹69,696,573.44"
PRT-IND-200483,Bharat Forge,Hero MotoCorp,Manesar,7,Engine Core,Overstocked,1500,"₹24,852.50","₹37,278,750.00",28,"₹10,438,050.00","₹47,716,800.00"
PRT-IND-200484,Motherson Sumi,Mahindra & Mahindra,Pithampur,18,Braking System,Optimal Stock,656,"₹40,137.50","₹26,330,200.00",28,"₹7,372,456.00","₹33,702,656.00"
PRT-IND-200485,Mahindra CIE,Bajaj Auto,Pithampur,35,Electrical & Sensor,Overstocked,1613,"₹17,376.50","₹28,028,294.50",18,"₹5,045,093.01","₹33,073,387.51"
PRT-IND-200486,Uno Minda,Maruti Suzuki,Coimbatore,16,Suspension,Reorder Needed,239,"₹25,806.00","₹6,167,634.00",28,"₹1,726,937.52","₹7,894,571.52"
PRT-IND-200487,Motherson Sumi,Bajaj Auto,Jamshedpur,22,Engine Core,Overstocked,1935,"₹18,599.50","₹35,990,032.50",28,"₹10,077,209.10","₹46,067,241.60"
PRT-IND-200488,Uno Minda,Tata Motors,Sanand,41,Electrical & Sensor,Optimal Stock,653,"₹2,687.00","₹1,754,611.00",18,"₹315,829.98","₹2,070,440.98"
PRT-IND-200489,Endurance Tech,TVS Motor,Chennai,41,Exhaust,Optimal Stock,559,"₹10,562.50","₹5,904,437.50",28,"₹1,653,242.50","₹7,557,680.00"
PRT-IND-200490,Mahindra CIE,Mahindra & Mahindra,Jamshedpur,29,Electrical & Sensor,Overstocked,1463,"₹35,188.50","₹51,480,775.50",18,"₹9,266,539.59","₹60,747,315.09"
PRT-IND-200491,Endurance Tech,Mahindra & Mahindra,Bengaluru,41,Electrical & Sensor,Optimal Stock,821,"₹8,813.50","₹7,235,883.50",18,"₹1,302,459.03","₹8,538,342.53"
PRT-IND-200492,Bharat Forge,Hyundai India,Bengaluru,33,Suspension,Optimal Stock,362,"₹35,862.00","₹12,982,044.00",28,"₹3,634,972.32","₹16,617,016.32"
PRT-IND-200493,Bosch India,TVS Motor,Pithampur,20,Engine Core,Optimal Stock,421,"₹20,436.50","₹8,603,766.50",28,"₹2,409,054.62","₹11,012,821.12"
PRT-IND-200494,Motherson Sumi,Bajaj Auto,Pithampur,30,Electrical & Sensor,Overstocked,1772,"₹30,192.00","₹53,500,224.00",18,"₹9,630,040.32","₹63,130,264.32"
PRT-IND-200495,Bharat Forge,Maruti Suzuki,Manesar,7,Braking System,Reorder Needed,269,"₹23,442.50","₹6,306,032.50",28,"₹1,765,689.10","₹8,071,721.60"
PRT-IND-200496,Bosch India,TVS Motor,Pithampur,6,Braking System,Optimal Stock,567,"₹37,354.50","₹21,180,001.50",28,"₹5,930,400.42","₹27,110,401.92"
PRT-IND-200497,Bharat Forge,Maruti Suzuki,Sanand,13,Exhaust,Overstocked,1214,"₹14,132.00","₹17,156,248.00",28,"₹4,803,749.44","₹21,959,997.44"
PRT-IND-200498,Bosch India,Maruti Suzuki,Coimbatore,37,Electrical & Sensor,Optimal Stock,771,"₹11,475.50","₹8,847,610.50",18,"₹1,592,569.89","₹10,440,180.39"
PRT-IND-200499,Bharat Forge,Tata Motors,Anantapur,35,Transmission,Overstocked,1641,"₹3,210.50","₹5,268,430.50",28,"₹1,475,160.54","₹6,743,591.04"
PRT-IND-200500,Motherson Sumi,Hero MotoCorp,Jamshedpur,39,Exhaust,Overstocked,1408,"₹16,339.00","₹23,005,312.00",28,"₹6,441,487.36","₹29,446,799.36"
PRT-IND-200501,Bharat Forge,Bajaj Auto,Pune,3,Braking System,Optimal Stock,330,"₹40,306.00","₹13,300,980.00",28,"₹3,724,274.40","₹17,025,254.40"
PRT-IND-200502,Tata AutoComp,Tata Motors,Pune,4,Braking System,Reorder Needed,290,"₹9,163.50","₹2,657,415.00",28,"₹744,076.20","₹3,401,491.20"
PRT-IND-200503,Tata AutoComp,Mahindra & Mahindra,Bengaluru,38,Suspension,Reorder Needed,250,"₹47,829.50","₹11,957,375.00",28,"₹3,348,065.00","₹15,305,440.00"
PRT-IND-200504,Tata AutoComp,Tata Motors,Chennai,34,Electrical & Sensor,Optimal Stock,575,"₹27,752.50","₹15,957,687.50",18,"₹2,872,383.75","₹18,830,071.25"
PRT-IND-200505,Endurance Tech,Hero MotoCorp,Pune,33,Transmission,Optimal Stock,485,"₹9,929.00","₹4,815,565.00",28,"₹1,348,358.20","₹6,163,923.20"
PRT-IND-200506,Bosch India,Bajaj Auto,Pithampur,17,Engine Core,Reorder Needed,73,"₹35,164.50","₹2,567,008.50",28,"₹718,762.38","₹3,285,770.88"
PRT-IND-200507,Tata AutoComp,Maruti Suzuki,Chennai,9,Braking System,Overstocked,1352,"₹40,112.50","₹54,232,100.00",28,"₹15,184,988.00","₹69,417,088.00"
PRT-IND-200508,Bosch India,Hero MotoCorp,Pithampur,17,Suspension,Optimal Stock,555,"₹7,368.00","₹4,089,240.00",28,"₹1,144,987.20","₹5,234,227.20"
PRT-IND-200509,Endurance Tech,Bajaj Auto,Jamshedpur,20,Suspension,Optimal Stock,903,"₹10,195.00","₹9,206,085.00",28,"₹2,577,703.80","₹11,783,788.80"
PRT-IND-200510,Tata AutoComp,Maruti Suzuki,Jamshedpur,31,Exhaust,Optimal Stock,1122,"₹49,358.00","₹55,379,676.00",28,"₹15,506,309.28","₹70,885,985.28"
PRT-IND-200511,Motherson Sumi,Hyundai India,Jamshedpur,24,Engine Core,Overstocked,1654,"₹28,911.50","₹47,819,621.00",28,"₹13,389,493.88","₹61,209,114.88"
PRT-IND-200512,Tata AutoComp,Maruti Suzuki,Pune,28,Exhaust,Reorder Needed,297,"₹40,932.50","₹12,156,952.50",28,"₹3,403,946.70","₹15,560,899.20"
PRT-IND-200513,Motherson Sumi,Mahindra & Mahindra,Coimbatore,30,Suspension,Optimal Stock,644,"₹12,636.00","₹8,137,584.00",28,"₹2,278,523.52","₹10,416,107.52"
PRT-IND-200514,Motherson Sumi,TVS Motor,Gurugram,22,Braking System,Overstocked,1749,"₹41,769.50","₹73,054,855.50",28,"₹20,455,359.54","₹93,510,215.04"
PRT-IND-200515,Endurance Tech,TVS Motor,Pithampur,14,Exhaust,Overstocked,1508,"₹42,431.00","₹63,985,948.00",28,"₹17,916,065.44","₹81,902,013.44"
PRT-IND-200516,Bosch India,Mahindra & Mahindra,Coimbatore,31,Transmission,Optimal Stock,913,"₹30,686.00","₹28,016,318.00",28,"₹7,844,569.04","₹35,860,887.04"
PRT-IND-200517,Uno Minda,Maruti Suzuki,Jamshedpur,10,Transmission,Optimal Stock,1118,"₹32,991.50","₹36,884,497.00",28,"₹10,327,659.16","₹47,212,156.16"
PRT-IND-200518,Motherson Sumi,Hyundai India,Anantapur,15,Transmission,Optimal Stock,518,"₹8,256.00","₹4,276,608.00",28,"₹1,197,450.24","₹5,474,058.24"
PRT-IND-200519,Mahindra CIE,Hyundai India,Gurugram,30,Exhaust,Optimal Stock,530,"₹39,428.00","₹20,896,840.00",28,"₹5,851,115.20","₹26,747,955.20"
PRT-IND-200520,Uno Minda,Hyundai India,Pithampur,31,Electrical & Sensor,Optimal Stock,323,"₹45,129.50","₹14,576,828.50",18,"₹2,623,829.13","₹17,200,657.63"
PRT-IND-200521,Tata AutoComp,Tata Motors,Sanand,17,Transmission,Optimal Stock,920,"₹23,313.00","₹21,447,960.00",28,"₹6,005,428.80","₹27,453,388.80"
PRT-IND-200522,Bharat Forge,Hero MotoCorp,Gurugram,34,Transmission,Overstocked,1892,"₹1,723.50","₹3,260,862.00",28,"₹913,041.36","₹4,173,903.36"
PRT-IND-200523,Mahindra CIE,Mahindra & Mahindra,Chennai,34,Electrical & Sensor,Overstocked,1735,"₹25,609.50","₹44,432,482.50",18,"₹7,997,846.85","₹52,430,329.35"
PRT-IND-200524,Bosch India,Tata Motors,Coimbatore,28,Transmission,Reorder Needed,64,"₹37,286.00","₹2,386,304.00",28,"₹668,165.12","₹3,054,469.12"
PRT-IND-200525,Bosch India,Maruti Suzuki,Jamshedpur,3,Braking System,Optimal Stock,964,"₹13,878.00","₹13,378,392.00",28,"₹3,745,949.76","₹17,124,341.76"
PRT-IND-200526,Mahindra CIE,Tata Motors,Bengaluru,25,Transmission,Optimal Stock,996,"₹42,192.00","₹42,023,232.00",28,"₹11,766,504.96","₹53,789,736.96"
PRT-IND-200527,Endurance Tech,Maruti Suzuki,Pune,9,Braking System,Overstocked,1352,"₹10,095.50","₹13,649,116.00",28,"₹3,821,752.48","₹17,470,868.48"
PRT-IND-200528,Endurance Tech,Mahindra & Mahindra,Gurugram,8,Exhaust,Optimal Stock,593,"₹40,365.00","₹23,936,445.00",28,"₹6,702,204.60","₹30,638,649.60"
PRT-IND-200529,Endurance Tech,Hyundai India,Sanand,14,Electrical & Sensor,Optimal Stock,1192,"₹23,285.50","₹27,756,316.00",18,"₹4,996,136.88","₹32,752,452.88"
PRT-IND-200530,Bharat Forge,Hyundai India,Pune,35,Engine Core,Overstocked,1794,"₹47,819.00","₹85,787,286.00",28,"₹24,020,440.08","₹109,807,726.08"
PRT-IND-200531,Uno Minda,TVS Motor,Anantapur,25,Suspension,Reorder Needed,214,"₹45,836.00","₹9,808,904.00",28,"₹2,746,493.12","₹12,555,397.12"
PRT-IND-200532,Motherson Sumi,Hyundai India,Gurugram,29,Suspension,Optimal Stock,524,"₹42,132.50","₹22,077,430.00",28,"₹6,181,680.40","₹28,259,110.40"
PRT-IND-200533,Mahindra CIE,Hyundai India,Coimbatore,6,Electrical & Sensor,Overstocked,1610,"₹1,374.50","₹2,212,945.00",18,"₹398,330.10","₹2,611,275.10"
PRT-IND-200534,Bharat Forge,Mahindra & Mahindra,Pune,37,Exhaust,Overstocked,1925,"₹28,573.00","₹55,003,025.00",28,"₹15,400,847.00","₹70,403,872.00"
PRT-IND-200535,Motherson Sumi,Maruti Suzuki,Jamshedpur,42,Exhaust,Optimal Stock,625,"₹9,184.50","₹5,740,312.50",28,"₹1,607,287.50","₹7,347,600.00"
PRT-IND-200536,Uno Minda,Mahindra & Mahindra,Coimbatore,34,Engine Core,Overstocked,1588,"₹37,798.00","₹60,023,224.00",28,"₹16,806,502.72","₹76,829,726.72"
PRT-IND-200537,Bharat Forge,TVS Motor,Coimbatore,30,Transmission,Overstocked,1323,"₹37,684.50","₹49,856,593.50",28,"₹13,959,846.18","₹63,816,439.68"
PRT-IND-200538,Endurance Tech,TVS Motor,Manesar,20,Transmission,Reorder Needed,193,"₹46,814.00","₹9,035,102.00",28,"₹2,529,828.56","₹11,564,930.56"
PRT-IND-200539,Motherson Sumi,Bajaj Auto,Jamshedpur,13,Suspension,Optimal Stock,973,₹799.50,"₹777,913.50",28,"₹217,815.78","₹995,729.28"
PRT-IND-200540,Tata AutoComp,Hyundai India,Anantapur,41,Electrical & Sensor,Optimal Stock,420,"₹20,586.50","₹8,646,330.00",18,"₹1,556,339.40","₹10,202,669.40"
PRT-IND-200541,Uno Minda,Bajaj Auto,Bengaluru,8,Suspension,Reorder Needed,197,"₹35,341.50","₹6,962,275.50",28,"₹1,949,437.14","₹8,911,712.64"
PRT-IND-200542,Tata AutoComp,TVS Motor,Coimbatore,9,Braking System,Optimal Stock,688,"₹5,330.00","₹3,667,040.00",28,"₹1,026,771.20","₹4,693,811.20"
PRT-IND-200543,Endurance Tech,Mahindra & Mahindra,Pune,11,Braking System,Optimal Stock,491,"₹28,355.00","₹13,922,305.00",28,"₹3,898,245.40","₹17,820,550.40"
PRT-IND-200544,Endurance Tech,Bajaj Auto,Jamshedpur,38,Braking System,Optimal Stock,1135,"₹42,903.00","₹48,694,905.00",28,"₹13,634,573.40","₹62,329,478.40"
PRT-IND-200545,Bharat Forge,Tata Motors,Anantapur,33,Braking System,Reorder Needed,213,"₹43,127.50","₹9,186,157.50",28,"₹2,572,124.10","₹11,758,281.60"
PRT-IND-200546,Mahindra CIE,Tata Motors,Anantapur,4,Transmission,Optimal Stock,1160,"₹16,916.50","₹19,623,140.00",28,"₹5,494,479.20","₹25,117,619.20"
PRT-IND-200547,Motherson Sumi,Hero MotoCorp,Jamshedpur,5,Braking System,Optimal Stock,456,"₹18,855.50","₹8,598,108.00",28,"₹2,407,470.24","₹11,005,578.24"
PRT-IND-200548,Motherson Sumi,Mahindra & Mahindra,Bengaluru,27,Braking System,Reorder Needed,254,"₹36,183.50","₹9,190,609.00",28,"₹2,573,370.52","₹11,763,979.52"
PRT-IND-200549,Mahindra CIE,Maruti Suzuki,Sanand,30,Transmission,Overstocked,1265,"₹16,825.50","₹21,284,257.50",28,"₹5,959,592.10","₹27,243,849.60"
PRT-IND-200550,Tata AutoComp,Bajaj Auto,Pithampur,12,Exhaust,Reorder Needed,296,"₹23,346.00","₹6,910,416.00",28,"₹1,934,916.48","₹8,845,332.48"
PRT-IND-200551,Bharat Forge,Maruti Suzuki,Bengaluru,44,Suspension,Overstocked,1773,"₹10,253.00","₹18,178,569.00",28,"₹5,089,999.32","₹23,268,568.32"
PRT-IND-200552,Uno Minda,Mahindra & Mahindra,Chennai,36,Electrical & Sensor,Overstocked,1645,"₹11,850.50","₹19,494,072.50",18,"₹3,508,933.05","₹23,003,005.55"
PRT-IND-200553,Endurance Tech,Bajaj Auto,Pithampur,14,Engine Core,Optimal Stock,667,"₹49,524.00","₹33,032,508.00",28,"₹9,249,102.24","₹42,281,610.24"
PRT-IND-200554,Endurance Tech,TVS Motor,Bengaluru,38,Engine Core,Overstocked,1694,"₹17,202.50","₹29,141,035.00",28,"₹8,159,489.80","₹37,300,524.80"
PRT-IND-200555,Bosch India,Tata Motors,Coimbatore,10,Exhaust,Optimal Stock,1053,"₹18,465.00","₹19,443,645.00",28,"₹5,444,220.60","₹24,887,865.60"
PRT-IND-200556,Uno Minda,TVS Motor,Pithampur,20,Electrical & Sensor,Reorder Needed,115,"₹35,082.00","₹4,034,430.00",18,"₹726,197.40","₹4,760,627.40"
PRT-IND-200557,Bharat Forge,Bajaj Auto,Pithampur,16,Braking System,Overstocked,1697,"₹14,843.00","₹25,188,571.00",28,"₹7,052,799.88","₹32,241,370.88"
PRT-IND-200558,Endurance Tech,Hero MotoCorp,Jamshedpur,7,Braking System,Optimal Stock,313,"₹15,770.00","₹4,936,010.00",28,"₹1,382,082.80","₹6,318,092.80"
PRT-IND-200559,Endurance Tech,Hyundai India,Chennai,14,Braking System,Optimal Stock,891,"₹15,812.50","₹14,088,937.50",28,"₹3,944,902.50","₹18,033,840.00"
PRT-IND-200560,Bharat Forge,Hero MotoCorp,Jamshedpur,42,Electrical & Sensor,Optimal Stock,654,"₹26,636.50","₹17,420,271.00",18,"₹3,135,648.78","₹20,555,919.78"
PRT-IND-200561,Motherson Sumi,Hyundai India,Chennai,21,Engine Core,Optimal Stock,657,"₹31,538.50","₹20,720,794.50",28,"₹5,801,822.46","₹26,522,616.96"
PRT-IND-200562,Bosch India,Hero MotoCorp,Coimbatore,32,Exhaust,Optimal Stock,872,"₹35,362.00","₹30,835,664.00",28,"₹8,633,985.92","₹39,469,649.92"
PRT-IND-200563,Motherson Sumi,TVS Motor,Anantapur,26,Engine Core,Overstocked,1365,"₹19,226.50","₹26,244,172.50",28,"₹7,348,368.30","₹33,592,540.80"
PRT-IND-200564,Motherson Sumi,Tata Motors,Chennai,17,Exhaust,Optimal Stock,403,"₹12,616.50","₹5,084,449.50",28,"₹1,423,645.86","₹6,508,095.36"
PRT-IND-200565,Bharat Forge,Hyundai India,Pune,40,Suspension,Reorder Needed,128,"₹40,254.50","₹5,152,576.00",28,"₹1,442,721.28","₹6,595,297.28"
PRT-IND-200566,Motherson Sumi,Bajaj Auto,Manesar,20,Braking System,Optimal Stock,995,"₹15,719.00","₹15,640,405.00",28,"₹4,379,313.40","₹20,019,718.40"
PRT-IND-200567,Uno Minda,Hyundai India,Sanand,38,Suspension,Optimal Stock,400,"₹10,946.00","₹4,378,400.00",28,"₹1,225,952.00","₹5,604,352.00"
PRT-IND-200568,Bharat Forge,Bajaj Auto,Gurugram,36,Suspension,Optimal Stock,834,"₹38,481.00","₹32,093,154.00",28,"₹8,986,083.12","₹41,079,237.12"
PRT-IND-200569,Bharat Forge,Maruti Suzuki,Chennai,13,Braking System,Overstocked,1224,"₹32,499.00","₹39,778,776.00",28,"₹11,138,057.28","₹50,916,833.28"
PRT-IND-200570,Uno Minda,TVS Motor,Anantapur,32,Transmission,Reorder Needed,237,"₹43,019.50","₹10,195,621.50",28,"₹2,854,774.02","₹13,050,395.52"
PRT-IND-200571,Tata AutoComp,Hyundai India,Manesar,9,Exhaust,Optimal Stock,993,"₹38,020.00","₹37,753,860.00",28,"₹10,571,080.80","₹48,324,940.80"
PRT-IND-200572,Endurance Tech,Hero MotoCorp,Jamshedpur,19,Engine Core,Optimal Stock,967,"₹47,709.50","₹46,135,086.50",28,"₹12,917,824.22","₹59,052,910.72"
PRT-IND-200573,Tata AutoComp,Maruti Suzuki,Coimbatore,12,Engine Core,Overstocked,1256,"₹3,652.50","₹4,587,540.00",28,"₹1,284,511.20","₹5,872,051.20"
PRT-IND-200574,Bharat Forge,Bajaj Auto,Coimbatore,35,Transmission,Overstocked,1420,"₹7,820.00","₹11,104,400.00",28,"₹3,109,232.00","₹14,213,632.00"
PRT-IND-200575,Tata AutoComp,Maruti Suzuki,Chennai,36,Electrical & Sensor,Overstocked,1304,"₹13,721.00","₹17,892,184.00",18,"₹3,220,593.12","₹21,112,777.12"
PRT-IND-200576,Mahindra CIE,Mahindra & Mahindra,Coimbatore,42,Transmission,Overstocked,1257,"₹9,293.00","₹11,681,301.00",28,"₹3,270,764.28","₹14,952,065.28"
PRT-IND-200577,Tata AutoComp,Bajaj Auto,Sanand,21,Exhaust,Optimal Stock,759,"₹41,161.50","₹31,241,578.50",28,"₹8,747,641.98","₹39,989,220.48"
PRT-IND-200578,Motherson Sumi,TVS Motor,Sanand,17,Exhaust,Overstocked,1908,"₹26,606.00","₹50,764,248.00",28,"₹14,213,989.44","₹64,978,237.44"
PRT-IND-200579,Motherson Sumi,Mahindra & Mahindra,Pithampur,25,Suspension,Overstocked,1360,"₹23,273.00","₹31,651,280.00",28,"₹8,862,358.40","₹40,513,638.40"
PRT-IND-200580,Mahindra CIE,Bajaj Auto,Sanand,27,Engine Core,Overstocked,1653,"₹39,455.00","₹65,219,115.00",28,"₹18,261,352.20","₹83,480,467.20"
PRT-IND-200581,Motherson Sumi,Mahindra & Mahindra,Jamshedpur,42,Braking System,Optimal Stock,387,"₹13,556.00","₹5,246,172.00",28,"₹1,468,928.16","₹6,715,100.16"
PRT-IND-200582,Motherson Sumi,Hero MotoCorp,Coimbatore,13,Transmission,Optimal Stock,323,"₹38,320.00","₹12,377,360.00",28,"₹3,465,660.80","₹15,843,020.80"
PRT-IND-200583,Uno Minda,Tata Motors,Anantapur,44,Exhaust,Optimal Stock,946,"₹17,335.50","₹16,399,383.00",28,"₹4,591,827.24","₹20,991,210.24"
PRT-IND-200584,Motherson Sumi,Tata Motors,Pune,39,Electrical & Sensor,Reorder Needed,159,"₹5,418.50","₹861,541.50",18,"₹155,077.47","₹1,016,618.97"
PRT-IND-200585,Bosch India,Mahindra & Mahindra,Gurugram,37,Suspension,Optimal Stock,620,"₹44,994.00","₹27,896,280.00",28,"₹7,810,958.40","₹35,707,238.40"
PRT-IND-200586,Uno Minda,Mahindra & Mahindra,Pithampur,8,Suspension,Overstocked,1372,"₹27,783.50","₹38,118,962.00",28,"₹10,673,309.36","₹48,792,271.36"
PRT-IND-200587,Tata AutoComp,Hyundai India,Chennai,35,Transmission,Optimal Stock,544,"₹27,212.00","₹14,803,328.00",28,"₹4,144,931.84","₹18,948,259.84"
PRT-IND-200588,Bosch India,TVS Motor,Bengaluru,17,Exhaust,Overstocked,1637,"₹12,824.00","₹20,992,888.00",28,"₹5,878,008.64","₹26,870,896.64"
PRT-IND-200589,Mahindra CIE,Maruti Suzuki,Coimbatore,29,Transmission,Reorder Needed,180,"₹32,841.00","₹5,911,380.00",28,"₹1,655,186.40","₹7,566,566.40"
PRT-IND-200590,Mahindra CIE,Tata Motors,Coimbatore,40,Suspension,Optimal Stock,931,"₹26,051.00","₹24,253,481.00",28,"₹6,790,974.68","₹31,044,455.68"
PRT-IND-200591,Endurance Tech,Hero MotoCorp,Jamshedpur,17,Electrical & Sensor,Optimal Stock,846,"₹25,011.00","₹21,159,306.00",18,"₹3,808,675.08","₹24,967,981.08"
PRT-IND-200592,Tata AutoComp,Maruti Suzuki,Bengaluru,4,Transmission,Optimal Stock,1094,"₹22,694.50","₹24,827,783.00",28,"₹6,951,779.24","₹31,779,562.24"
PRT-IND-200593,Uno Minda,TVS Motor,Coimbatore,13,Suspension,Optimal Stock,856,"₹26,896.50","₹23,023,404.00",28,"₹6,446,553.12","₹29,469,957.12"
PRT-IND-200594,Mahindra CIE,Maruti Suzuki,Chennai,30,Engine Core,Overstocked,1466,"₹20,162.00","₹29,557,492.00",28,"₹8,276,097.76","₹37,833,589.76"
PRT-IND-200595,Bosch India,Mahindra & Mahindra,Anantapur,36,Electrical & Sensor,Optimal Stock,437,"₹39,131.50","₹17,100,465.50",18,"₹3,078,083.79","₹20,178,549.29"
PRT-IND-200596,Bharat Forge,Bajaj Auto,Jamshedpur,8,Exhaust,Overstocked,1647,"₹33,775.00","₹55,627,425.00",28,"₹15,575,679.00","₹71,203,104.00"
PRT-IND-200597,Endurance Tech,Hero MotoCorp,Manesar,30,Transmission,Reorder Needed,258,"₹22,385.00","₹5,775,330.00",28,"₹1,617,092.40","₹7,392,422.40"
PRT-IND-200598,Endurance Tech,Hyundai India,Pune,40,Exhaust,Reorder Needed,208,"₹23,414.00","₹4,870,112.00",28,"₹1,363,631.36","₹6,233,743.36"
PRT-IND-200599,Bosch India,Tata Motors,Anantapur,32,Suspension,Reorder Needed,86,"₹16,947.50","₹1,457,485.00",28,"₹408,095.80","₹1,865,580.80"
PRT-IND-200600,Bharat Forge,Maruti Suzuki,Jamshedpur,40,Transmission,Overstocked,1347,"₹33,808.00","₹45,539,376.00",28,"₹12,751,025.28","₹58,290,401.28"
PRT-IND-200601,Bosch India,Mahindra & Mahindra,Sanand,30,Engine Core,Optimal Stock,402,"₹29,096.50","₹11,696,793.00",28,"₹3,275,102.04","₹14,971,895.04"
PRT-IND-200602,Motherson Sumi,Hyundai India,Pithampur,10,Braking System,Overstocked,1403,"₹14,920.00","₹20,932,760.00",28,"₹5,861,172.80","₹26,793,932.80"
PRT-IND-200603,Motherson Sumi,Maruti Suzuki,Gurugram,5,Braking System,Reorder Needed,73,"₹11,275.50","₹823,111.50",28,"₹230,471.22","₹1,053,582.72"
PRT-IND-200604,Bosch India,Hero MotoCorp,Coimbatore,41,Suspension,Overstocked,1904,"₹17,394.00","₹33,118,176.00",28,"₹9,273,089.28","₹42,391,265.28"
PRT-IND-200605,Bharat Forge,Tata Motors,Anantapur,25,Suspension,Optimal Stock,866,"₹11,409.00","₹9,880,194.00",28,"₹2,766,454.32","₹12,646,648.32"
PRT-IND-200606,Uno Minda,TVS Motor,Pune,31,Suspension,Overstocked,1990,"₹48,013.50","₹95,546,865.00",28,"₹26,753,122.20","₹122,299,987.20"
PRT-IND-200607,Uno Minda,Hero MotoCorp,Coimbatore,27,Engine Core,Overstocked,1971,"₹15,438.50","₹30,429,283.50",28,"₹8,520,199.38","₹38,949,482.88"
PRT-IND-200608,Endurance Tech,Bajaj Auto,Anantapur,3,Engine Core,Overstocked,1276,"₹41,715.00","₹53,228,340.00",28,"₹14,903,935.20","₹68,132,275.20"
PRT-IND-200609,Uno Minda,TVS Motor,Manesar,38,Electrical & Sensor,Overstocked,1913,"₹23,589.00","₹45,125,757.00",18,"₹8,122,636.26","₹53,248,393.26"
PRT-IND-200610,Bharat Forge,Maruti Suzuki,Pithampur,11,Engine Core,Overstocked,1524,"₹45,833.50","₹69,850,254.00",28,"₹19,558,071.12","₹89,408,325.12"
PRT-IND-200611,Uno Minda,TVS Motor,Pune,7,Suspension,Overstocked,1402,"₹16,214.00","₹22,732,028.00",28,"₹6,364,967.84","₹29,096,995.84"
PRT-IND-200612,Mahindra CIE,Hyundai India,Anantapur,8,Engine Core,Optimal Stock,1115,"₹3,676.50","₹4,099,297.50",28,"₹1,147,803.30","₹5,247,100.80"
PRT-IND-200613,Motherson Sumi,Hero MotoCorp,Chennai,21,Braking System,Optimal Stock,966,"₹31,019.50","₹29,964,837.00",28,"₹8,390,154.36","₹38,354,991.36"
PRT-IND-200614,Mahindra CIE,TVS Motor,Jamshedpur,8,Exhaust,Overstocked,1746,"₹24,879.00","₹43,438,734.00",28,"₹12,162,845.52","₹55,601,579.52"
PRT-IND-200615,Uno Minda,Hyundai India,Manesar,19,Electrical & Sensor,Optimal Stock,319,"₹33,980.00","₹10,839,620.00",18,"₹1,951,131.60","₹12,790,751.60"
PRT-IND-200616,Motherson Sumi,Bajaj Auto,Sanand,5,Transmission,Overstocked,1814,"₹20,485.00","₹37,159,790.00",28,"₹10,404,741.20","₹47,564,531.20"
PRT-IND-200617,Endurance Tech,TVS Motor,Pune,9,Exhaust,Overstocked,1636,"₹37,885.50","₹61,980,678.00",28,"₹17,354,589.84","₹79,335,267.84"
PRT-IND-200618,Motherson Sumi,Tata Motors,Sanand,41,Suspension,Overstocked,1349,"₹32,229.00","₹43,476,921.00",28,"₹12,173,537.88","₹55,650,458.88"
PRT-IND-200619,Tata AutoComp,Maruti Suzuki,Sanand,18,Exhaust,Optimal Stock,1104,"₹24,799.00","₹27,378,096.00",28,"₹7,665,866.88","₹35,043,962.88"
PRT-IND-200620,Tata AutoComp,Mahindra & Mahindra,Anantapur,4,Engine Core,Overstocked,1276,"₹4,679.00","₹5,970,404.00",28,"₹1,671,713.12","₹7,642,117.12"
PRT-IND-200621,Bosch India,Bajaj Auto,Bengaluru,28,Braking System,Overstocked,1685,"₹20,221.50","₹34,073,227.50",28,"₹9,540,503.70","₹43,613,731.20"
PRT-IND-200622,Bharat Forge,Hero MotoCorp,Gurugram,6,Transmission,Optimal Stock,1005,"₹31,832.50","₹31,991,662.50",28,"₹8,957,665.50","₹40,949,328.00"
PRT-IND-200623,Endurance Tech,Hyundai India,Coimbatore,38,Electrical & Sensor,Overstocked,1736,"₹10,974.00","₹19,050,864.00",18,"₹3,429,155.52","₹22,480,019.52"
PRT-IND-200624,Uno Minda,Bajaj Auto,Sanand,8,Braking System,Overstocked,1720,"₹47,685.50","₹82,019,060.00",28,"₹22,965,336.80","₹104,984,396.80"
PRT-IND-200625,Bosch India,Hyundai India,Pithampur,32,Suspension,Overstocked,1527,"₹4,036.00","₹6,162,972.00",28,"₹1,725,632.16","₹7,888,604.16"
PRT-IND-200626,Endurance Tech,Tata Motors,Manesar,20,Braking System,Optimal Stock,856,"₹48,715.00","₹41,700,040.00",28,"₹11,676,011.20","₹53,376,051.20"
PRT-IND-200627,Uno Minda,Tata Motors,Pithampur,8,Braking System,Optimal Stock,419,"₹7,971.00","₹3,339,849.00",28,"₹935,157.72","₹4,275,006.72"
PRT-IND-200628,Tata AutoComp,Hero MotoCorp,Manesar,28,Electrical & Sensor,Optimal Stock,892,"₹41,010.00","₹36,580,920.00",18,"₹6,584,565.60","₹43,165,485.60"
PRT-IND-200629,Bharat Forge,Bajaj Auto,Gurugram,30,Exhaust,Reorder Needed,105,"₹8,598.50","₹902,842.50",28,"₹252,795.90","₹1,155,638.40"
PRT-IND-200630,Bharat Forge,TVS Motor,Bengaluru,9,Transmission,Reorder Needed,91,"₹41,067.50","₹3,737,142.50",28,"₹1,046,399.90","₹4,783,542.40"
PRT-IND-200631,Endurance Tech,Mahindra & Mahindra,Manesar,8,Engine Core,Optimal Stock,771,"₹3,310.50","₹2,552,395.50",28,"₹714,670.74","₹3,267,066.24"
PRT-IND-200632,Uno Minda,Tata Motors,Jamshedpur,32,Exhaust,Reorder Needed,198,"₹47,662.00","₹9,437,076.00",28,"₹2,642,381.28","₹12,079,457.28"
PRT-IND-200633,Bosch India,Hyundai India,Coimbatore,44,Electrical & Sensor,Optimal Stock,642,"₹34,794.50","₹22,338,069.00",18,"₹4,020,852.42","₹26,358,921.42"
PRT-IND-200634,Mahindra CIE,Maruti Suzuki,Anantapur,3,Electrical & Sensor,Overstocked,1793,"₹29,639.50","₹53,143,623.50",18,"₹9,565,852.23","₹62,709,475.73"
PRT-IND-200635,Uno Minda,Tata Motors,Sanand,40,Transmission,Optimal Stock,496,"₹4,182.00","₹2,074,272.00",28,"₹580,796.16","₹2,655,068.16"
PRT-IND-200636,Tata AutoComp,Tata Motors,Gurugram,19,Transmission,Overstocked,1829,"₹1,146.50","₹2,096,948.50",28,"₹587,145.58","₹2,684,094.08"
PRT-IND-200637,Mahindra CIE,Tata Motors,Sanand,38,Engine Core,Optimal Stock,612,"₹14,933.00","₹9,138,996.00",28,"₹2,558,918.88","₹11,697,914.88"
PRT-IND-200638,Tata AutoComp,Maruti Suzuki,Jamshedpur,30,Electrical & Sensor,Reorder Needed,90,"₹28,916.50","₹2,602,485.00",18,"₹468,447.30","₹3,070,932.30"
PRT-IND-200639,Motherson Sumi,Mahindra & Mahindra,Jamshedpur,32,Exhaust,Overstocked,1920,"₹11,337.00","₹21,767,040.00",28,"₹6,094,771.20","₹27,861,811.20"
PRT-IND-200640,Bosch India,Hyundai India,Coimbatore,40,Transmission,Optimal Stock,828,"₹29,923.50","₹24,776,658.00",28,"₹6,937,464.24","₹31,714,122.24"
PRT-IND-200641,Bharat Forge,Tata Motors,Pithampur,3,Suspension,Reorder Needed,214,"₹14,665.00","₹3,138,310.00",28,"₹878,726.80","₹4,017,036.80"
PRT-IND-200642,Bharat Forge,Maruti Suzuki,Pune,27,Braking System,Optimal Stock,974,"₹7,690.50","₹7,490,547.00",28,"₹2,097,353.16","₹9,587,900.16"
PRT-IND-200643,Endurance Tech,Maruti Suzuki,Bengaluru,39,Engine Core,Overstocked,1288,"₹5,109.50","₹6,581,036.00",28,"₹1,842,690.08","₹8,423,726.08"
PRT-IND-200644,Bosch India,Mahindra & Mahindra,Manesar,11,Braking System,Optimal Stock,339,"₹26,734.50","₹9,062,995.50",28,"₹2,537,638.74","₹11,600,634.24"
PRT-IND-200645,Uno Minda,Hero MotoCorp,Gurugram,43,Engine Core,Overstocked,1723,"₹49,734.50","₹85,692,543.50",28,"₹23,993,912.18","₹109,686,455.68"
PRT-IND-200646,Motherson Sumi,Tata Motors,Manesar,22,Electrical & Sensor,Overstocked,1811,"₹46,532.50","₹84,270,357.50",18,"₹15,168,664.35","₹99,439,021.85"
PRT-IND-200647,Uno Minda,Mahindra & Mahindra,Bengaluru,19,Engine Core,Optimal Stock,504,"₹14,573.00","₹7,344,792.00",28,"₹2,056,541.76","₹9,401,333.76"
PRT-IND-200648,Uno Minda,Hyundai India,Anantapur,11,Braking System,Optimal Stock,602,"₹4,756.50","₹2,863,413.00",28,"₹801,755.64","₹3,665,168.64"
PRT-IND-200649,Mahindra CIE,Hyundai India,Chennai,11,Braking System,Overstocked,1395,"₹44,925.00","₹62,670,375.00",28,"₹17,547,705.00","₹80,218,080.00"
PRT-IND-200650,Motherson Sumi,Mahindra & Mahindra,Bengaluru,20,Exhaust,Optimal Stock,867,"₹15,478.00","₹13,419,426.00",28,"₹3,757,439.28","₹17,176,865.28"
PRT-IND-200651,Mahindra CIE,Hyundai India,Pune,37,Electrical & Sensor,Reorder Needed,84,"₹48,587.50","₹4,081,350.00",18,"₹734,643.00","₹4,815,993.00"
PRT-IND-200652,Bosch India,Mahindra & Mahindra,Sanand,11,Suspension,Overstocked,1619,"₹45,873.50","₹74,269,196.50",28,"₹20,795,375.02","₹95,064,571.52"
PRT-IND-200653,Mahindra CIE,TVS Motor,Bengaluru,44,Electrical & Sensor,Reorder Needed,63,"₹19,831.50","₹1,249,384.50",18,"₹224,889.21","₹1,474,273.71"
PRT-IND-200654,Tata AutoComp,Hyundai India,Coimbatore,36,Electrical & Sensor,Optimal Stock,939,"₹30,410.00","₹28,554,990.00",18,"₹5,139,898.20","₹33,694,888.20"
PRT-IND-200655,Bharat Forge,TVS Motor,Gurugram,3,Transmission,Overstocked,1329,"₹8,667.00","₹11,518,443.00",28,"₹3,225,164.04","₹14,743,607.04"
PRT-IND-200656,Endurance Tech,Hyundai India,Manesar,32,Exhaust,Reorder Needed,86,"₹38,201.00","₹3,285,286.00",28,"₹919,880.08","₹4,205,166.08"
PRT-IND-200657,Uno Minda,Maruti Suzuki,Coimbatore,3,Electrical & Sensor,Overstocked,1516,"₹16,259.00","₹24,648,644.00",18,"₹4,436,755.92","₹29,085,399.92"
PRT-IND-200658,Motherson Sumi,TVS Motor,Chennai,44,Engine Core,Reorder Needed,218,"₹16,436.00","₹3,583,048.00",28,"₹1,003,253.44","₹4,586,301.44"
PRT-IND-200659,Bharat Forge,Hero MotoCorp,Chennai,25,Engine Core,Overstocked,1776,"₹13,248.50","₹23,529,336.00",28,"₹6,588,214.08","₹30,117,550.08"
PRT-IND-200660,Mahindra CIE,Hyundai India,Coimbatore,25,Suspension,Overstocked,1251,"₹27,414.00","₹34,294,914.00",28,"₹9,602,575.92","₹43,897,489.92"
PRT-IND-200661,Endurance Tech,TVS Motor,Anantapur,18,Braking System,Optimal Stock,1121,"₹41,167.00","₹46,148,207.00",28,"₹12,921,497.96","₹59,069,704.96"
PRT-IND-200662,Endurance Tech,Maruti Suzuki,Coimbatore,20,Suspension,Overstocked,1357,"₹16,517.00","₹22,413,569.00",28,"₹6,275,799.32","₹28,689,368.32"
PRT-IND-200663,Bosch India,Hyundai India,Manesar,4,Exhaust,Optimal Stock,704,"₹47,674.50","₹33,562,848.00",28,"₹9,397,597.44","₹42,960,445.44"
PRT-IND-200664,Motherson Sumi,Hero MotoCorp,Gurugram,17,Exhaust,Optimal Stock,474,"₹2,550.50","₹1,208,937.00",28,"₹338,502.36","₹1,547,439.36"
PRT-IND-200665,Motherson Sumi,Mahindra & Mahindra,Gurugram,13,Braking System,Overstocked,1596,"₹1,417.50","₹2,262,330.00",28,"₹633,452.40","₹2,895,782.40"
PRT-IND-200666,Endurance Tech,TVS Motor,Pithampur,7,Engine Core,Overstocked,1841,"₹42,150.00","₹77,598,150.00",28,"₹21,727,482.00","₹99,325,632.00"
PRT-IND-200667,Tata AutoComp,Bajaj Auto,Pune,32,Suspension,Overstocked,1496,"₹16,355.50","₹24,467,828.00",28,"₹6,850,991.84","₹31,318,819.84"
PRT-IND-200668,Tata AutoComp,Bajaj Auto,Anantapur,30,Engine Core,Optimal Stock,625,"₹27,342.00","₹17,088,750.00",28,"₹4,784,850.00","₹21,873,600.00"
PRT-IND-200669,Tata AutoComp,Maruti Suzuki,Coimbatore,4,Suspension,Overstocked,1730,"₹17,583.00","₹30,418,590.00",28,"₹8,517,205.20","₹38,935,795.20"
PRT-IND-200670,Uno Minda,Hyundai India,Manesar,10,Exhaust,Reorder Needed,283,"₹42,889.00","₹12,137,587.00",28,"₹3,398,524.36","₹15,536,111.36"
PRT-IND-200671,Mahindra CIE,Hero MotoCorp,Bengaluru,9,Exhaust,Optimal Stock,1195,"₹26,715.50","₹31,925,022.50",28,"₹8,939,006.30","₹40,864,028.80"
PRT-IND-200672,Mahindra CIE,Mahindra & Mahindra,Jamshedpur,20,Braking System,Overstocked,1333,"₹34,125.00","₹45,488,625.00",28,"₹12,736,815.00","₹58,225,440.00"
PRT-IND-200673,Mahindra CIE,Hero MotoCorp,Pune,28,Engine Core,Overstocked,1232,"₹44,524.50","₹54,854,184.00",28,"₹15,359,171.52","₹70,213,355.52"
PRT-IND-200674,Uno Minda,Maruti Suzuki,Coimbatore,38,Transmission,Optimal Stock,450,"₹23,429.50","₹10,543,275.00",28,"₹2,952,117.00","₹13,495,392.00"
PRT-IND-200675,Bharat Forge,TVS Motor,Jamshedpur,30,Transmission,Overstocked,1392,"₹46,482.50","₹64,703,640.00",28,"₹18,117,019.20","₹82,820,659.20"
PRT-IND-200676,Endurance Tech,Tata Motors,Jamshedpur,36,Transmission,Reorder Needed,260,"₹46,807.00","₹12,169,820.00",28,"₹3,407,549.60","₹15,577,369.60"
PRT-IND-200677,Bosch India,Tata Motors,Sanand,38,Engine Core,Optimal Stock,1074,"₹43,191.50","₹46,387,671.00",28,"₹12,988,547.88","₹59,376,218.88"
PRT-IND-200678,Tata AutoComp,TVS Motor,Jamshedpur,31,Electrical & Sensor,Overstocked,1968,"₹44,530.50","₹87,636,024.00",18,"₹15,774,484.32","₹103,410,508.32"
PRT-IND-200679,Bosch India,Maruti Suzuki,Pithampur,43,Engine Core,Overstocked,1750,"₹12,401.00","₹21,701,750.00",28,"₹6,076,490.00","₹27,778,240.00"
PRT-IND-200680,Endurance Tech,Mahindra & Mahindra,Anantapur,10,Electrical & Sensor,Optimal Stock,971,"₹2,936.50","₹2,851,341.50",18,"₹513,241.47","₹3,364,582.97"
PRT-IND-200681,Endurance Tech,Maruti Suzuki,Sanand,42,Exhaust,Optimal Stock,829,"₹31,744.50","₹26,316,190.50",28,"₹7,368,533.34","₹33,684,723.84"
PRT-IND-200682,Motherson Sumi,Hero MotoCorp,Pune,36,Exhaust,Optimal Stock,1165,"₹6,036.00","₹7,031,940.00",28,"₹1,968,943.20","₹9,000,883.20"
PRT-IND-200683,Bharat Forge,TVS Motor,Gurugram,18,Exhaust,Overstocked,1341,"₹12,171.00","₹16,321,311.00",28,"₹4,569,967.08","₹20,891,278.08"
PRT-IND-200684,Bosch India,Hero MotoCorp,Bengaluru,41,Transmission,Overstocked,1478,"₹33,150.50","₹48,996,439.00",28,"₹13,719,002.92","₹62,715,441.92"
PRT-IND-200685,Endurance Tech,Hero MotoCorp,Bengaluru,22,Electrical & Sensor,Optimal Stock,1106,"₹7,984.00","₹8,830,304.00",18,"₹1,589,454.72","₹10,419,758.72"
PRT-IND-200686,Bosch India,Hyundai India,Chennai,31,Electrical & Sensor,Overstocked,1571,"₹47,950.50","₹75,330,235.50",18,"₹13,559,442.39","₹88,889,677.89"
PRT-IND-200687,Mahindra CIE,TVS Motor,Manesar,41,Electrical & Sensor,Reorder Needed,156,"₹35,443.00","₹5,529,108.00",18,"₹995,239.44","₹6,524,347.44"
PRT-IND-200688,Uno Minda,Mahindra & Mahindra,Sanand,42,Transmission,Overstocked,1709,"₹25,966.50","₹44,376,748.50",28,"₹12,425,489.58","₹56,802,238.08"
PRT-IND-200689,Uno Minda,TVS Motor,Bengaluru,32,Electrical & Sensor,Optimal Stock,915,"₹34,584.00","₹31,644,360.00",18,"₹5,695,984.80","₹37,340,344.80"
PRT-IND-200690,Mahindra CIE,Tata Motors,Jamshedpur,31,Braking System,Optimal Stock,1021,"₹20,879.50","₹21,317,969.50",28,"₹5,969,031.46","₹27,287,000.96"
PRT-IND-200691,Bosch India,Bajaj Auto,Pune,40,Exhaust,Overstocked,1210,"₹3,386.50","₹4,097,665.00",28,"₹1,147,346.20","₹5,245,011.20"
PRT-IND-200692,Endurance Tech,TVS Motor,Anantapur,26,Transmission,Optimal Stock,303,"₹29,358.00","₹8,895,474.00",28,"₹2,490,732.72","₹11,386,206.72"
PRT-IND-200693,Bharat Forge,TVS Motor,Gurugram,31,Suspension,Overstocked,1954,"₹28,799.00","₹56,273,246.00",28,"₹15,756,508.88","₹72,029,754.88"
PRT-IND-200694,Endurance Tech,Hyundai India,Coimbatore,24,Suspension,Overstocked,1599,"₹8,131.00","₹13,001,469.00",28,"₹3,640,411.32","₹16,641,880.32"
PRT-IND-200695,Mahindra CIE,Mahindra & Mahindra,Chennai,6,Braking System,Reorder Needed,189,"₹1,832.50","₹346,342.50",28,"₹96,975.90","₹443,318.40"
PRT-IND-200696,Motherson Sumi,Bajaj Auto,Pune,19,Suspension,Optimal Stock,1159,"₹24,501.50","₹28,397,238.50",28,"₹7,951,226.78","₹36,348,465.28"
PRT-IND-200697,Bharat Forge,Maruti Suzuki,Anantapur,23,Electrical & Sensor,Overstocked,1941,"₹42,954.50","₹83,374,684.50",18,"₹15,007,443.21","₹98,382,127.71"
PRT-IND-200698,Uno Minda,Bajaj Auto,Coimbatore,21,Braking System,Optimal Stock,1061,"₹6,297.00","₹6,681,117.00",28,"₹1,870,712.76","₹8,551,829.76"
PRT-IND-200699,Motherson Sumi,Bajaj Auto,Manesar,30,Braking System,Overstocked,1264,"₹41,940.50","₹53,012,792.00",28,"₹14,843,581.76","₹67,856,373.76"
PRT-IND-200700,Tata AutoComp,Mahindra & Mahindra,Anantapur,27,Braking System,Optimal Stock,306,"₹45,334.50","₹13,872,357.00",28,"₹3,884,259.96","₹17,756,616.96"
PRT-IND-200701,Tata AutoComp,Bajaj Auto,Anantapur,23,Transmission,Overstocked,1216,"₹24,135.50","₹29,348,768.00",28,"₹8,217,655.04","₹37,566,423.04"
PRT-IND-200702,Motherson Sumi,Hyundai India,Pune,27,Transmission,Overstocked,1952,"₹38,995.00","₹76,118,240.00",28,"₹21,313,107.20","₹97,431,347.20"
PRT-IND-200703,Motherson Sumi,Tata Motors,Jamshedpur,39,Engine Core,Overstocked,1208,"₹3,492.50","₹4,218,940.00",28,"₹1,181,303.20","₹5,400,243.20"
PRT-IND-200704,Motherson Sumi,Tata Motors,Sanand,14,Suspension,Optimal Stock,774,"₹43,267.50","₹33,489,045.00",28,"₹9,376,932.60","₹42,865,977.60"
PRT-IND-200705,Bharat Forge,Tata Motors,Bengaluru,3,Braking System,Optimal Stock,711,"₹3,721.00","₹2,645,631.00",28,"₹740,776.68","₹3,386,407.68"
PRT-IND-200706,Tata AutoComp,Bajaj Auto,Pune,36,Engine Core,Overstocked,1749,"₹35,693.00","₹62,427,057.00",28,"₹17,479,575.96","₹79,906,632.96"
PRT-IND-200707,Bosch India,Hyundai India,Pithampur,41,Suspension,Optimal Stock,1047,"₹15,825.50","₹16,569,298.50",28,"₹4,639,403.58","₹21,208,702.08"
PRT-IND-200708,Tata AutoComp,Mahindra & Mahindra,Sanand,4,Suspension,Overstocked,1400,"₹36,301.00","₹50,821,400.00",28,"₹14,229,992.00","₹65,051,392.00"
PRT-IND-200709,Bosch India,Maruti Suzuki,Sanand,26,Electrical & Sensor,Overstocked,1755,"₹30,891.50","₹54,214,582.50",18,"₹9,758,624.85","₹63,973,207.35"
PRT-IND-200710,Bharat Forge,Bajaj Auto,Sanand,38,Suspension,Optimal Stock,1199,"₹46,085.50","₹55,256,514.50",28,"₹15,471,824.06","₹70,728,338.56"
PRT-IND-200711,Bharat Forge,Hero MotoCorp,Pithampur,27,Exhaust,Optimal Stock,524,"₹32,920.00","₹17,250,080.00",28,"₹4,830,022.40","₹22,080,102.40"
PRT-IND-200712,Endurance Tech,Maruti Suzuki,Anantapur,35,Electrical & Sensor,Reorder Needed,60,"₹14,687.50","₹881,250.00",18,"₹158,625.00","₹1,039,875.00"
PRT-IND-200713,Endurance Tech,Mahindra & Mahindra,Coimbatore,27,Exhaust,Overstocked,1983,"₹43,883.00","₹87,019,989.00",28,"₹24,365,596.92","₹111,385,585.92"
PRT-IND-200714,Motherson Sumi,Hero MotoCorp,Gurugram,24,Transmission,Overstocked,1602,"₹24,845.50","₹39,802,491.00",28,"₹11,144,697.48","₹50,947,188.48"
PRT-IND-200715,Bosch India,Mahindra & Mahindra,Anantapur,5,Suspension,Reorder Needed,112,"₹33,885.50","₹3,795,176.00",28,"₹1,062,649.28","₹4,857,825.28"
PRT-IND-200716,Bosch India,Hero MotoCorp,Pithampur,21,Transmission,Overstocked,1615,"₹25,605.00","₹41,352,075.00",28,"₹11,578,581.00","₹52,930,656.00"
PRT-IND-200717,Motherson Sumi,Bajaj Auto,Gurugram,5,Suspension,Optimal Stock,1097,"₹5,566.00","₹6,105,902.00",28,"₹1,709,652.56","₹7,815,554.56"
PRT-IND-200718,Endurance Tech,Hyundai India,Pune,26,Exhaust,Optimal Stock,1039,"₹9,401.50","₹9,768,158.50",28,"₹2,735,084.38","₹12,503,242.88"
PRT-IND-200719,Tata AutoComp,Bajaj Auto,Sanand,17,Transmission,Overstocked,1347,"₹2,943.00","₹3,964,221.00",28,"₹1,109,981.88","₹5,074,202.88"
PRT-IND-200720,Motherson Sumi,Mahindra & Mahindra,Bengaluru,40,Electrical & Sensor,Optimal Stock,652,₹672.00,"₹438,144.00",18,"₹78,865.92","₹517,009.92"
PRT-IND-200721,Endurance Tech,Hyundai India,Bengaluru,33,Transmission,Optimal Stock,427,"₹25,497.50","₹10,887,432.50",28,"₹3,048,481.10","₹13,935,913.60"
PRT-IND-200722,Endurance Tech,TVS Motor,Bengaluru,5,Engine Core,Overstocked,1906,"₹26,044.50","₹49,640,817.00",28,"₹13,899,428.76","₹63,540,245.76"
PRT-IND-200723,Bharat Forge,Hero MotoCorp,Coimbatore,6,Engine Core,Optimal Stock,784,"₹48,997.50","₹38,414,040.00",28,"₹10,755,931.20","₹49,169,971.20"
PRT-IND-200724,Endurance Tech,Hyundai India,Pune,13,Exhaust,Optimal Stock,347,"₹41,408.00","₹14,368,576.00",28,"₹4,023,201.28","₹18,391,777.28"
PRT-IND-200725,Uno Minda,Bajaj Auto,Gurugram,37,Electrical & Sensor,Overstocked,1642,"₹28,723.00","₹47,163,166.00",18,"₹8,489,369.88","₹55,652,535.88"
PRT-IND-200726,Bharat Forge,Tata Motors,Chennai,39,Electrical & Sensor,Optimal Stock,707,"₹10,087.00","₹7,131,509.00",18,"₹1,283,671.62","₹8,415,180.62"
PRT-IND-200727,Mahindra CIE,Hyundai India,Pune,41,Engine Core,Overstocked,1749,"₹28,923.50","₹50,587,201.50",28,"₹14,164,416.42","₹64,751,617.92"
PRT-IND-200728,Uno Minda,TVS Motor,Chennai,28,Transmission,Overstocked,1252,"₹16,313.50","₹20,424,502.00",28,"₹5,718,860.56","₹26,143,362.56"
PRT-IND-200729,Mahindra CIE,Maruti Suzuki,Pithampur,35,Braking System,Overstocked,1963,"₹36,275.50","₹71,208,806.50",28,"₹19,938,465.82","₹91,147,272.32"
PRT-IND-200730,Endurance Tech,Bajaj Auto,Sanand,11,Engine Core,Overstocked,1347,"₹1,183.50","₹1,594,174.50",28,"₹446,368.86","₹2,040,543.36"
PRT-IND-200731,Endurance Tech,Maruti Suzuki,Pithampur,28,Electrical & Sensor,Overstocked,1371,"₹10,448.00","₹14,324,208.00",18,"₹2,578,357.44","₹16,902,565.44"
PRT-IND-200732,Tata AutoComp,Bajaj Auto,Manesar,16,Exhaust,Overstocked,1586,"₹46,384.50","₹73,565,817.00",28,"₹20,598,428.76","₹94,164,245.76"
PRT-IND-200733,Bosch India,TVS Motor,Pithampur,30,Suspension,Overstocked,1404,"₹12,653.00","₹17,764,812.00",28,"₹4,974,147.36","₹22,738,959.36"
PRT-IND-200734,Tata AutoComp,Mahindra & Mahindra,Anantapur,33,Electrical & Sensor,Overstocked,1689,"₹32,011.50","₹54,067,423.50",18,"₹9,732,136.23","₹63,799,559.73"
PRT-IND-200735,Endurance Tech,Mahindra & Mahindra,Bengaluru,41,Electrical & Sensor,Optimal Stock,309,"₹18,538.50","₹5,728,396.50",18,"₹1,031,111.37","₹6,759,507.87"
PRT-IND-200736,Bosch India,Mahindra & Mahindra,Sanand,23,Engine Core,Optimal Stock,1066,"₹21,318.50","₹22,725,521.00",28,"₹6,363,145.88","₹29,088,666.88"
PRT-IND-200737,Bosch India,Maruti Suzuki,Sanand,18,Engine Core,Overstocked,1270,"₹48,352.50","₹61,407,675.00",28,"₹17,194,149.00","₹78,601,824.00"
PRT-IND-200738,Mahindra CIE,Maruti Suzuki,Pune,16,Exhaust,Overstocked,1790,"₹6,549.00","₹11,722,710.00",28,"₹3,282,358.80","₹15,005,068.80"
PRT-IND-200739,Mahindra CIE,Maruti Suzuki,Anantapur,30,Exhaust,Optimal Stock,647,"₹46,144.00","₹29,855,168.00",28,"₹8,359,447.04","₹38,214,615.04"
PRT-IND-200740,Bharat Forge,Mahindra & Mahindra,Manesar,37,Transmission,Overstocked,1483,"₹23,166.50","₹34,355,919.50",28,"₹9,619,657.46","₹43,975,576.96"
PRT-IND-200741,Mahindra CIE,Mahindra & Mahindra,Gurugram,8,Electrical & Sensor,Overstocked,1271,"₹12,286.50","₹15,616,141.50",18,"₹2,810,905.47","₹18,427,046.97"
PRT-IND-200742,Motherson Sumi,TVS Motor,Sanand,44,Braking System,Overstocked,1558,"₹30,700.50","₹47,831,379.00",28,"₹13,392,786.12","₹61,224,165.12"
PRT-IND-200743,Mahindra CIE,Bajaj Auto,Bengaluru,28,Suspension,Reorder Needed,265,"₹4,241.50","₹1,123,997.50",28,"₹314,719.30","₹1,438,716.80"
PRT-IND-200744,Endurance Tech,Tata Motors,Bengaluru,7,Electrical & Sensor,Optimal Stock,578,"₹9,517.50","₹5,501,115.00",18,"₹990,200.70","₹6,491,315.70"
PRT-IND-200745,Tata AutoComp,Bajaj Auto,Pithampur,23,Engine Core,Optimal Stock,555,"₹46,098.50","₹25,584,667.50",28,"₹7,163,706.90","₹32,748,374.40"
PRT-IND-200746,Uno Minda,TVS Motor,Gurugram,26,Transmission,Overstocked,1385,"₹3,859.00","₹5,344,715.00",28,"₹1,496,520.20","₹6,841,235.20"
PRT-IND-200747,Uno Minda,Maruti Suzuki,Pune,12,Exhaust,Optimal Stock,586,"₹46,721.00","₹27,378,506.00",28,"₹7,665,981.68","₹35,044,487.68"
PRT-IND-200748,Uno Minda,TVS Motor,Sanand,26,Engine Core,Optimal Stock,696,"₹33,630.50","₹23,406,828.00",28,"₹6,553,911.84","₹29,960,739.84"
PRT-IND-200749,Bosch India,Bajaj Auto,Jamshedpur,21,Braking System,Optimal Stock,345,"₹34,414.00","₹11,872,830.00",28,"₹3,324,392.40","₹15,197,222.40"
PRT-IND-200750,Motherson Sumi,Bajaj Auto,Manesar,44,Suspension,Overstocked,1711,"₹45,814.50","₹78,388,609.50",28,"₹21,948,810.66","₹100,337,420.16"
PRT-IND-200751,Bosch India,Hero MotoCorp,Sanand,6,Engine Core,Optimal Stock,966,"₹21,437.00","₹20,708,142.00",28,"₹5,798,279.76","₹26,506,421.76"
PRT-IND-200752,Endurance Tech,Maruti Suzuki,Pithampur,38,Exhaust,Optimal Stock,1058,"₹25,122.00","₹26,579,076.00",28,"₹7,442,141.28","₹34,021,217.28"
PRT-IND-200753,Bharat Forge,Hyundai India,Sanand,11,Transmission,Optimal Stock,661,"₹5,681.00","₹3,755,141.00",28,"₹1,051,439.48","₹4,806,580.48"
PRT-IND-200754,Mahindra CIE,TVS Motor,Chennai,36,Engine Core,Reorder Needed,249,"₹34,444.50","₹8,576,680.50",28,"₹2,401,470.54","₹10,978,151.04"
PRT-IND-200755,Bharat Forge,TVS Motor,Anantapur,17,Electrical & Sensor,Optimal Stock,720,"₹11,022.50","₹7,936,200.00",18,"₹1,428,516.00","₹9,364,716.00"
PRT-IND-200756,Motherson Sumi,Mahindra & Mahindra,Bengaluru,21,Braking System,Optimal Stock,346,"₹40,575.50","₹14,039,123.00",28,"₹3,930,954.44","₹17,970,077.44"
PRT-IND-200757,Tata AutoComp,Mahindra & Mahindra,Pune,3,Engine Core,Optimal Stock,954,"₹9,868.00","₹9,414,072.00",28,"₹2,635,940.16","₹12,050,012.16"
PRT-IND-200758,Mahindra CIE,Bajaj Auto,Pune,4,Suspension,Optimal Stock,639,"₹8,159.50","₹5,213,920.50",28,"₹1,459,897.74","₹6,673,818.24"
PRT-IND-200759,Bosch India,Hero MotoCorp,Chennai,11,Electrical & Sensor,Overstocked,1699,"₹10,989.50","₹18,671,160.50",18,"₹3,360,808.89","₹22,031,969.39"
PRT-IND-200760,Bosch India,Maruti Suzuki,Coimbatore,24,Transmission,Optimal Stock,1119,"₹48,662.50","₹54,453,337.50",28,"₹15,246,934.50","₹69,700,272.00"
PRT-IND-200761,Bosch India,Mahindra & Mahindra,Bengaluru,5,Engine Core,Overstocked,1318,"₹28,361.00","₹37,379,798.00",28,"₹10,466,343.44","₹47,846,141.44"
PRT-IND-200762,Bosch India,Hyundai India,Chennai,43,Exhaust,Optimal Stock,877,"₹12,807.00","₹11,231,739.00",28,"₹3,144,886.92","₹14,376,625.92"
PRT-IND-200763,Bharat Forge,Maruti Suzuki,Bengaluru,8,Engine Core,Optimal Stock,1037,"₹46,574.50","₹48,297,756.50",28,"₹13,523,371.82","₹61,821,128.32"
PRT-IND-200764,Bosch India,Hyundai India,Pune,9,Engine Core,Reorder Needed,222,"₹13,805.50","₹3,064,821.00",28,"₹858,149.88","₹3,922,970.88"
PRT-IND-200765,Endurance Tech,Hyundai India,Sanand,43,Engine Core,Overstocked,1648,₹890.50,"₹1,467,544.00",28,"₹410,912.32","₹1,878,456.32"
PRT-IND-200766,Bharat Forge,Bajaj Auto,Pune,8,Electrical & Sensor,Optimal Stock,1032,"₹10,946.50","₹11,296,788.00",18,"₹2,033,421.84","₹13,330,209.84"
PRT-IND-200767,Uno Minda,Hyundai India,Sanand,6,Transmission,Optimal Stock,756,"₹37,472.00","₹28,328,832.00",28,"₹7,932,072.96","₹36,260,904.96"
PRT-IND-200768,Bosch India,Bajaj Auto,Pithampur,38,Transmission,Reorder Needed,89,"₹37,067.00","₹3,298,963.00",28,"₹923,709.64","₹4,222,672.64"
PRT-IND-200769,Bharat Forge,Maruti Suzuki,Pune,27,Engine Core,Overstocked,1349,"₹2,044.50","₹2,758,030.50",28,"₹772,248.54","₹3,530,279.04"
PRT-IND-200770,Endurance Tech,Tata Motors,Chennai,41,Engine Core,Optimal Stock,691,"₹2,229.50","₹1,540,584.50",28,"₹431,363.66","₹1,971,948.16"
PRT-IND-200771,Endurance Tech,Mahindra & Mahindra,Manesar,23,Exhaust,Overstocked,1454,"₹13,156.00","₹19,128,824.00",28,"₹5,356,070.72","₹24,484,894.72"
PRT-IND-200772,Bharat Forge,TVS Motor,Sanand,9,Transmission,Reorder Needed,276,"₹37,047.00","₹10,224,972.00",28,"₹2,862,992.16","₹13,087,964.16"
PRT-IND-200773,Uno Minda,Bajaj Auto,Gurugram,36,Exhaust,Reorder Needed,217,"₹13,001.50","₹2,821,325.50",28,"₹789,971.14","₹3,611,296.64"
PRT-IND-200774,Bosch India,Mahindra & Mahindra,Chennai,9,Electrical & Sensor,Overstocked,1913,"₹10,071.50","₹19,266,779.50",18,"₹3,468,020.31","₹22,734,799.81"
PRT-IND-200775,Endurance Tech,Tata Motors,Jamshedpur,16,Braking System,Optimal Stock,545,"₹18,031.50","₹9,827,167.50",28,"₹2,751,606.90","₹12,578,774.40"
PRT-IND-200776,Bosch India,Maruti Suzuki,Coimbatore,21,Electrical & Sensor,Optimal Stock,1035,"₹14,535.50","₹15,044,242.50",18,"₹2,707,963.65","₹17,752,206.15"
PRT-IND-200777,Tata AutoComp,Mahindra & Mahindra,Bengaluru,13,Suspension,Optimal Stock,953,"₹48,345.50","₹46,073,261.50",28,"₹12,900,513.22","₹58,973,774.72"
PRT-IND-200778,Tata AutoComp,Bajaj Auto,Coimbatore,16,Transmission,Optimal Stock,873,"₹17,487.50","₹15,266,587.50",28,"₹4,274,644.50","₹19,541,232.00"
PRT-IND-200779,Uno Minda,Hero MotoCorp,Bengaluru,5,Engine Core,Overstocked,1380,"₹26,486.50","₹36,551,370.00",28,"₹10,234,383.60","₹46,785,753.60"
PRT-IND-200780,Tata AutoComp,Hero MotoCorp,Jamshedpur,33,Exhaust,Optimal Stock,1003,"₹6,317.50","₹6,336,452.50",28,"₹1,774,206.70","₹8,110,659.20"
PRT-IND-200781,Bosch India,Tata Motors,Pune,3,Transmission,Overstocked,1279,"₹28,909.50","₹36,975,250.50",28,"₹10,353,070.14","₹47,328,320.64"
PRT-IND-200782,Bharat Forge,Tata Motors,Chennai,34,Exhaust,Reorder Needed,161,"₹27,146.00","₹4,370,506.00",28,"₹1,223,741.68","₹5,594,247.68"
PRT-IND-200783,Motherson Sumi,Tata Motors,Pune,38,Braking System,Overstocked,1621,"₹27,784.00","₹45,037,864.00",28,"₹12,610,601.92","₹57,648,465.92"
PRT-IND-200784,Tata AutoComp,Hyundai India,Sanand,37,Electrical & Sensor,Overstocked,1409,"₹33,636.50","₹47,393,828.50",18,"₹8,530,889.13","₹55,924,717.63"
PRT-IND-200785,Tata AutoComp,TVS Motor,Pithampur,34,Braking System,Optimal Stock,923,"₹14,970.50","₹13,817,771.50",28,"₹3,868,976.02","₹17,686,747.52"
PRT-IND-200786,Endurance Tech,Mahindra & Mahindra,Chennai,40,Transmission,Overstocked,1236,"₹30,775.50","₹38,038,518.00",28,"₹10,650,785.04","₹48,689,303.04"
PRT-IND-200787,Tata AutoComp,Hyundai India,Sanand,33,Transmission,Optimal Stock,1160,"₹49,730.00","₹57,686,800.00",28,"₹16,152,304.00","₹73,839,104.00"
PRT-IND-200788,Uno Minda,Mahindra & Mahindra,Pithampur,5,Electrical & Sensor,Optimal Stock,1021,"₹49,354.00","₹50,390,434.00",18,"₹9,070,278.12","₹59,460,712.12"
PRT-IND-200789,Uno Minda,Hyundai India,Gurugram,5,Braking System,Optimal Stock,1134,"₹16,766.50","₹19,013,211.00",28,"₹5,323,699.08","₹24,336,910.08"
PRT-IND-200790,Uno Minda,Hero MotoCorp,Gurugram,32,Exhaust,Overstocked,1211,"₹11,272.00","₹13,650,392.00",28,"₹3,822,109.76","₹17,472,501.76"
PRT-IND-200791,Mahindra CIE,Hyundai India,Manesar,38,Suspension,Optimal Stock,1100,"₹27,996.50","₹30,796,150.00",28,"₹8,622,922.00","₹39,419,072.00"
PRT-IND-200792,Endurance Tech,Hero MotoCorp,Coimbatore,43,Engine Core,Optimal Stock,1150,"₹7,385.00","₹8,492,750.00",28,"₹2,377,970.00","₹10,870,720.00"
PRT-IND-200793,Motherson Sumi,TVS Motor,Anantapur,4,Suspension,Overstocked,1519,"₹9,467.50","₹14,381,132.50",28,"₹4,026,717.10","₹18,407,849.60"
PRT-IND-200794,Uno Minda,Tata Motors,Bengaluru,36,Transmission,Reorder Needed,135,"₹45,421.00","₹6,131,835.00",28,"₹1,716,913.80","₹7,848,748.80"
PRT-IND-200795,Mahindra CIE,Bajaj Auto,Pithampur,16,Electrical & Sensor,Overstocked,1288,"₹14,912.00","₹19,206,656.00",18,"₹3,457,198.08","₹22,663,854.08"
PRT-IND-200796,Bharat Forge,Tata Motors,Pithampur,36,Engine Core,Overstocked,1562,"₹25,257.50","₹39,452,215.00",28,"₹11,046,620.20","₹50,498,835.20"
PRT-IND-200797,Bosch India,Tata Motors,Bengaluru,7,Engine Core,Optimal Stock,862,"₹21,629.00","₹18,644,198.00",28,"₹5,220,375.44","₹23,864,573.44"
PRT-IND-200798,Bosch India,Mahindra & Mahindra,Manesar,43,Transmission,Reorder Needed,217,"₹33,372.50","₹7,241,832.50",28,"₹2,027,713.10","₹9,269,545.60"
PRT-IND-200799,Tata AutoComp,Hero MotoCorp,Pithampur,6,Electrical & Sensor,Reorder Needed,288,"₹16,551.50","₹4,766,832.00",18,"₹858,029.76","₹5,624,861.76"
PRT-IND-200800,Bosch India,Tata Motors,Bengaluru,13,Braking System,Optimal Stock,403,"₹34,626.50","₹13,954,479.50",28,"₹3,907,254.26","₹17,861,733.76"
PRT-IND-200801,Mahindra CIE,TVS Motor,Bengaluru,39,Braking System,Overstocked,1291,"₹46,575.00","₹60,128,325.00",28,"₹16,835,931.00","₹76,964,256.00"
PRT-IND-200802,Bosch India,Bajaj Auto,Jamshedpur,43,Transmission,Optimal Stock,337,"₹20,997.00","₹7,075,989.00",28,"₹1,981,276.92","₹9,057,265.92"
PRT-IND-200803,Endurance Tech,Bajaj Auto,Pune,36,Engine Core,Optimal Stock,1058,"₹48,376.50","₹51,182,337.00",28,"₹14,331,054.36","₹65,513,391.36"
PRT-IND-200804,Tata AutoComp,Maruti Suzuki,Gurugram,39,Engine Core,Reorder Needed,150,"₹6,021.50","₹903,225.00",28,"₹252,903.00","₹1,156,128.00"
PRT-IND-200805,Motherson Sumi,Tata Motors,Anantapur,33,Exhaust,Overstocked,1530,"₹32,202.00","₹49,269,060.00",28,"₹13,795,336.80","₹63,064,396.80"
PRT-IND-200806,Bosch India,Tata Motors,Sanand,38,Exhaust,Overstocked,1688,₹869.50,"₹1,467,716.00",28,"₹410,960.48","₹1,878,676.48"
PRT-IND-200807,Bosch India,Maruti Suzuki,Coimbatore,31,Suspension,Overstocked,1298,"₹49,766.00","₹64,596,268.00",28,"₹18,086,955.04","₹82,683,223.04"
PRT-IND-200808,Motherson Sumi,Hyundai India,Pithampur,40,Braking System,Overstocked,1392,"₹26,278.50","₹36,579,672.00",28,"₹10,242,308.16","₹46,821,980.16"
PRT-IND-200809,Endurance Tech,Mahindra & Mahindra,Gurugram,16,Transmission,Overstocked,1986,"₹44,866.00","₹89,103,876.00",28,"₹24,949,085.28","₹114,052,961.28"
PRT-IND-200810,Bosch India,TVS Motor,Pithampur,32,Electrical & Sensor,Optimal Stock,369,"₹4,561.00","₹1,683,009.00",18,"₹302,941.62","₹1,985,950.62"
PRT-IND-200811,Motherson Sumi,Hyundai India,Chennai,33,Braking System,Optimal Stock,966,"₹48,296.50","₹46,654,419.00",28,"₹13,063,237.32","₹59,717,656.32"
PRT-IND-200812,Bosch India,Maruti Suzuki,Jamshedpur,17,Transmission,Optimal Stock,897,"₹17,693.50","₹15,871,069.50",28,"₹4,443,899.46","₹20,314,968.96"
PRT-IND-200813,Bharat Forge,Hyundai India,Anantapur,12,Exhaust,Optimal Stock,1114,"₹9,514.00","₹10,598,596.00",28,"₹2,967,606.88","₹13,566,202.88"
PRT-IND-200814,Endurance Tech,TVS Motor,Chennai,15,Engine Core,Optimal Stock,881,"₹14,610.00","₹12,871,410.00",28,"₹3,603,994.80","₹16,475,404.80"
PRT-IND-200815,Uno Minda,Mahindra & Mahindra,Pune,15,Exhaust,Reorder Needed,54,"₹2,980.50","₹160,947.00",28,"₹45,065.16","₹206,012.16"
PRT-IND-200816,Tata AutoComp,Tata Motors,Pune,37,Transmission,Overstocked,1768,"₹5,801.50","₹10,257,052.00",28,"₹2,871,974.56","₹13,129,026.56"
PRT-IND-200817,Bosch India,Tata Motors,Chennai,12,Electrical & Sensor,Optimal Stock,509,"₹46,796.50","₹23,819,418.50",18,"₹4,287,495.33","₹28,106,913.83"
PRT-IND-200818,Mahindra CIE,TVS Motor,Pune,5,Suspension,Overstocked,1509,"₹49,394.00","₹74,535,546.00",28,"₹20,869,952.88","₹95,405,498.88"
PRT-IND-200819,Bosch India,Mahindra & Mahindra,Bengaluru,20,Engine Core,Optimal Stock,446,"₹48,135.50","₹21,468,433.00",28,"₹6,011,161.24","₹27,479,594.24"
PRT-IND-200820,Uno Minda,Mahindra & Mahindra,Coimbatore,33,Suspension,Optimal Stock,388,"₹4,571.00","₹1,773,548.00",28,"₹496,593.44","₹2,270,141.44"
PRT-IND-200821,Bosch India,Maruti Suzuki,Jamshedpur,5,Transmission,Overstocked,1433,"₹36,089.00","₹51,715,537.00",28,"₹14,480,350.36","₹66,195,887.36"
PRT-IND-200822,Motherson Sumi,Maruti Suzuki,Gurugram,23,Electrical & Sensor,Reorder Needed,275,"₹25,100.00","₹6,902,500.00",18,"₹1,242,450.00","₹8,144,950.00"
PRT-IND-200823,Mahindra CIE,Mahindra & Mahindra,Pithampur,24,Transmission,Optimal Stock,624,"₹22,579.50","₹14,089,608.00",28,"₹3,945,090.24","₹18,034,698.24"
PRT-IND-200824,Bharat Forge,TVS Motor,Pune,37,Braking System,Optimal Stock,459,"₹38,151.00","₹17,511,309.00",28,"₹4,903,166.52","₹22,414,475.52"
PRT-IND-200825,Endurance Tech,Tata Motors,Pune,8,Transmission,Reorder Needed,147,"₹40,267.50","₹5,919,322.50",28,"₹1,657,410.30","₹7,576,732.80"
PRT-IND-200826,Bosch India,Hyundai India,Pune,34,Transmission,Overstocked,1657,"₹13,454.00","₹22,293,278.00",28,"₹6,242,117.84","₹28,535,395.84"
PRT-IND-200827,Motherson Sumi,Mahindra & Mahindra,Coimbatore,4,Braking System,Optimal Stock,657,"₹34,562.00","₹22,707,234.00",28,"₹6,358,025.52","₹29,065,259.52"
PRT-IND-200828,Uno Minda,Hyundai India,Jamshedpur,6,Braking System,Overstocked,1870,"₹29,459.50","₹55,089,265.00",28,"₹15,424,994.20","₹70,514,259.20"
PRT-IND-200829,Endurance Tech,TVS Motor,Bengaluru,33,Braking System,Overstocked,1267,"₹40,280.50","₹51,035,393.50",28,"₹14,289,910.18","₹65,325,303.68"
PRT-IND-200830,Motherson Sumi,Tata Motors,Anantapur,18,Suspension,Overstocked,1677,"₹32,926.00","₹55,216,902.00",28,"₹15,460,732.56","₹70,677,634.56"
PRT-IND-200831,Endurance Tech,TVS Motor,Pithampur,35,Transmission,Optimal Stock,387,"₹41,605.50","₹16,101,328.50",28,"₹4,508,371.98","₹20,609,700.48"
PRT-IND-200832,Endurance Tech,Maruti Suzuki,Pune,11,Engine Core,Optimal Stock,1043,"₹21,024.50","₹21,928,553.50",28,"₹6,139,994.98","₹28,068,548.48"
PRT-IND-200833,Endurance Tech,Tata Motors,Pithampur,41,Braking System,Overstocked,1660,"₹25,927.00","₹43,038,820.00",28,"₹12,050,869.60","₹55,089,689.60"
PRT-IND-200834,Tata AutoComp,Maruti Suzuki,Sanand,24,Exhaust,Overstocked,1852,"₹13,525.50","₹25,049,226.00",28,"₹7,013,783.28","₹32,063,009.28"
PRT-IND-200835,Uno Minda,Hero MotoCorp,Pune,43,Exhaust,Overstocked,1329,"₹3,670.50","₹4,878,094.50",28,"₹1,365,866.46","₹6,243,960.96"
PRT-IND-200836,Bosch India,TVS Motor,Gurugram,38,Electrical & Sensor,Overstocked,1821,"₹49,943.50","₹90,947,113.50",18,"₹16,370,480.43","₹107,317,593.93"
PRT-IND-200837,Bharat Forge,Maruti Suzuki,Pune,9,Exhaust,Optimal Stock,927,"₹41,780.00","₹38,730,060.00",28,"₹10,844,416.80","₹49,574,476.80"
PRT-IND-200838,Endurance Tech,Bajaj Auto,Manesar,3,Exhaust,Overstocked,1924,"₹19,869.50","₹38,228,918.00",28,"₹10,704,097.04","₹48,933,015.04"
PRT-IND-200839,Mahindra CIE,TVS Motor,Chennai,28,Transmission,Overstocked,1766,"₹49,428.50","₹87,290,731.00",28,"₹24,441,404.68","₹111,732,135.68"
PRT-IND-200840,Tata AutoComp,Hyundai India,Pune,12,Suspension,Reorder Needed,105,"₹36,325.50","₹3,814,177.50",28,"₹1,067,969.70","₹4,882,147.20"
PRT-IND-200841,Bosch India,Maruti Suzuki,Bengaluru,23,Engine Core,Overstocked,1572,"₹27,290.00","₹42,899,880.00",28,"₹12,011,966.40","₹54,911,846.40"
PRT-IND-200842,Endurance Tech,Hero MotoCorp,Jamshedpur,3,Engine Core,Optimal Stock,738,"₹11,170.50","₹8,243,829.00",28,"₹2,308,272.12","₹10,552,101.12"
PRT-IND-200843,Tata AutoComp,Hero MotoCorp,Gurugram,18,Transmission,Optimal Stock,1112,"₹32,836.50","₹36,514,188.00",28,"₹10,223,972.64","₹46,738,160.64"
PRT-IND-200844,Bosch India,Bajaj Auto,Pithampur,42,Electrical & Sensor,Overstocked,1518,"₹29,058.50","₹44,110,803.00",18,"₹7,939,944.54","₹52,050,747.54"
PRT-IND-200845,Endurance Tech,Mahindra & Mahindra,Chennai,19,Braking System,Overstocked,1735,"₹21,646.00","₹37,555,810.00",28,"₹10,515,626.80","₹48,071,436.80"
PRT-IND-200846,Tata AutoComp,TVS Motor,Manesar,24,Exhaust,Overstocked,1902,"₹48,392.50","₹92,042,535.00",28,"₹25,771,909.80","₹117,814,444.80"
PRT-IND-200847,Bharat Forge,Hyundai India,Pune,27,Suspension,Overstocked,1224,"₹41,489.00","₹50,782,536.00",28,"₹14,219,110.08","₹65,001,646.08"
PRT-IND-200848,Bosch India,Hyundai India,Gurugram,44,Exhaust,Optimal Stock,308,"₹16,154.00","₹4,975,432.00",28,"₹1,393,120.96","₹6,368,552.96"
PRT-IND-200849,Tata AutoComp,TVS Motor,Pithampur,23,Braking System,Overstocked,1702,"₹1,834.00","₹3,121,468.00",28,"₹874,011.04","₹3,995,479.04"
PRT-IND-200850,Bharat Forge,Hyundai India,Pithampur,13,Braking System,Optimal Stock,827,"₹34,056.00","₹28,164,312.00",28,"₹7,886,007.36","₹36,050,319.36"
PRT-IND-200851,Motherson Sumi,Mahindra & Mahindra,Chennai,13,Electrical & Sensor,Overstocked,1809,"₹33,044.00","₹59,776,596.00",18,"₹10,759,787.28","₹70,536,383.28"
PRT-IND-200852,Endurance Tech,TVS Motor,Sanand,31,Electrical & Sensor,Optimal Stock,745,"₹39,053.00","₹29,094,485.00",18,"₹5,237,007.30","₹34,331,492.30"
PRT-IND-200853,Motherson Sumi,Maruti Suzuki,Bengaluru,40,Exhaust,Overstocked,1775,"₹16,850.00","₹29,908,750.00",28,"₹8,374,450.00","₹38,283,200.00"
PRT-IND-200854,Bosch India,TVS Motor,Pune,42,Suspension,Optimal Stock,973,₹651.00,"₹633,423.00",28,"₹177,358.44","₹810,781.44"
PRT-IND-200855,Tata AutoComp,Bajaj Auto,Chennai,39,Exhaust,Overstocked,1961,"₹2,278.50","₹4,468,138.50",28,"₹1,251,078.78","₹5,719,217.28"
PRT-IND-200856,Endurance Tech,Maruti Suzuki,Pune,11,Suspension,Overstocked,1423,"₹16,698.50","₹23,761,965.50",28,"₹6,653,350.34","₹30,415,315.84"
PRT-IND-200857,Endurance Tech,Hyundai India,Pune,8,Suspension,Optimal Stock,808,"₹48,370.50","₹39,083,364.00",28,"₹10,943,341.92","₹50,026,705.92"
PRT-IND-200858,Tata AutoComp,Hero MotoCorp,Chennai,9,Engine Core,Overstocked,1505,"₹6,400.00","₹9,632,000.00",28,"₹2,696,960.00","₹12,328,960.00"
PRT-IND-200859,Mahindra CIE,Hyundai India,Manesar,18,Transmission,Optimal Stock,755,"₹19,498.50","₹14,721,367.50",28,"₹4,121,982.90","₹18,843,350.40"
PRT-IND-200860,Motherson Sumi,Mahindra & Mahindra,Manesar,20,Exhaust,Overstocked,1704,₹894.00,"₹1,523,376.00",28,"₹426,545.28","₹1,949,921.28"
PRT-IND-200861,Bosch India,Mahindra & Mahindra,Manesar,26,Braking System,Optimal Stock,915,"₹17,796.50","₹16,283,797.50",28,"₹4,559,463.30","₹20,843,260.80"
PRT-IND-200862,Endurance Tech,TVS Motor,Sanand,42,Transmission,Optimal Stock,1012,₹661.00,"₹668,932.00",28,"₹187,300.96","₹856,232.96"
PRT-IND-200863,Uno Minda,Hyundai India,Sanand,4,Engine Core,Overstocked,1421,"₹30,155.00","₹42,850,255.00",28,"₹11,998,071.40","₹54,848,326.40"
PRT-IND-200864,Bosch India,Mahindra & Mahindra,Bengaluru,26,Suspension,Optimal Stock,1137,"₹1,379.00","₹1,567,923.00",28,"₹439,018.44","₹2,006,941.44"
PRT-IND-200865,Mahindra CIE,Tata Motors,Chennai,3,Exhaust,Overstocked,1635,"₹16,768.50","₹27,416,497.50",28,"₹7,676,619.30","₹35,093,116.80"
PRT-IND-200866,Motherson Sumi,Maruti Suzuki,Pune,19,Electrical & Sensor,Overstocked,1936,"₹17,226.00","₹33,349,536.00",18,"₹6,002,916.48","₹39,352,452.48"
PRT-IND-200867,Bosch India,Mahindra & Mahindra,Jamshedpur,35,Exhaust,Reorder Needed,218,"₹39,444.50","₹8,598,901.00",28,"₹2,407,692.28","₹11,006,593.28"
PRT-IND-200868,Motherson Sumi,Tata Motors,Coimbatore,21,Electrical & Sensor,Optimal Stock,1124,"₹38,731.50","₹43,534,206.00",18,"₹7,836,157.08","₹51,370,363.08"
PRT-IND-200869,Bharat Forge,Hyundai India,Jamshedpur,38,Electrical & Sensor,Optimal Stock,485,"₹23,518.50","₹11,406,472.50",18,"₹2,053,165.05","₹13,459,637.55"
PRT-IND-200870,Tata AutoComp,Tata Motors,Bengaluru,29,Engine Core,Optimal Stock,1024,"₹6,283.50","₹6,434,304.00",28,"₹1,801,605.12","₹8,235,909.12"
PRT-IND-200871,Bharat Forge,Hyundai India,Sanand,31,Exhaust,Optimal Stock,352,"₹15,689.50","₹5,522,704.00",28,"₹1,546,357.12","₹7,069,061.12"
PRT-IND-200872,Endurance Tech,Hero MotoCorp,Chennai,11,Exhaust,Optimal Stock,573,"₹39,833.50","₹22,824,595.50",28,"₹6,390,886.74","₹29,215,482.24"
PRT-IND-200873,Motherson Sumi,Hero MotoCorp,Sanand,5,Electrical & Sensor,Overstocked,1434,"₹39,708.00","₹56,941,272.00",18,"₹10,249,428.96","₹67,190,700.96"
PRT-IND-200874,Endurance Tech,TVS Motor,Sanand,44,Exhaust,Reorder Needed,101,"₹29,490.00","₹2,978,490.00",28,"₹833,977.20","₹3,812,467.20"
PRT-IND-200875,Motherson Sumi,TVS Motor,Pune,6,Electrical & Sensor,Optimal Stock,1097,"₹44,766.00","₹49,108,302.00",18,"₹8,839,494.36","₹57,947,796.36"
PRT-IND-200876,Mahindra CIE,Maruti Suzuki,Manesar,41,Transmission,Overstocked,1431,"₹34,731.00","₹49,700,061.00",28,"₹13,916,017.08","₹63,616,078.08"
PRT-IND-200877,Uno Minda,Tata Motors,Anantapur,33,Braking System,Optimal Stock,682,"₹33,184.00","₹22,631,488.00",28,"₹6,336,816.64","₹28,968,304.64"
PRT-IND-200878,Motherson Sumi,TVS Motor,Manesar,6,Electrical & Sensor,Optimal Stock,862,"₹14,582.00","₹12,569,684.00",18,"₹2,262,543.12","₹14,832,227.12"
PRT-IND-200879,Endurance Tech,Tata Motors,Jamshedpur,30,Engine Core,Overstocked,1747,"₹19,794.00","₹34,580,118.00",28,"₹9,682,433.04","₹44,262,551.04"
PRT-IND-200880,Bharat Forge,Hyundai India,Coimbatore,15,Transmission,Optimal Stock,541,"₹46,450.00","₹25,129,450.00",28,"₹7,036,246.00","₹32,165,696.00"
PRT-IND-200881,Bosch India,Hero MotoCorp,Pithampur,9,Braking System,Overstocked,1357,"₹21,431.00","₹29,081,867.00",28,"₹8,142,922.76","₹37,224,789.76"
PRT-IND-200882,Motherson Sumi,Mahindra & Mahindra,Bengaluru,32,Engine Core,Overstocked,1349,"₹46,692.00","₹62,987,508.00",28,"₹17,636,502.24","₹80,624,010.24"
PRT-IND-200883,Bharat Forge,TVS Motor,Jamshedpur,15,Braking System,Reorder Needed,280,"₹34,247.50","₹9,589,300.00",28,"₹2,685,004.00","₹12,274,304.00"
PRT-IND-200884,Bharat Forge,Bajaj Auto,Pune,16,Suspension,Optimal Stock,311,"₹16,261.00","₹5,057,171.00",28,"₹1,416,007.88","₹6,473,178.88"
PRT-IND-200885,Motherson Sumi,Maruti Suzuki,Chennai,38,Suspension,Optimal Stock,897,"₹5,739.00","₹5,147,883.00",28,"₹1,441,407.24","₹6,589,290.24"
PRT-IND-200886,Uno Minda,Hero MotoCorp,Jamshedpur,14,Electrical & Sensor,Optimal Stock,1122,"₹20,654.00","₹23,173,788.00",18,"₹4,171,281.84","₹27,345,069.84"
PRT-IND-200887,Mahindra CIE,Maruti Suzuki,Jamshedpur,15,Transmission,Overstocked,1290,"₹6,425.50","₹8,288,895.00",28,"₹2,320,890.60","₹10,609,785.60"
PRT-IND-200888,Uno Minda,Tata Motors,Anantapur,6,Electrical & Sensor,Overstocked,1483,"₹28,000.00","₹41,524,000.00",18,"₹7,474,320.00","₹48,998,320.00"
PRT-IND-200889,Bharat Forge,Bajaj Auto,Gurugram,30,Suspension,Overstocked,1699,"₹28,029.00","₹47,621,271.00",28,"₹13,333,955.88","₹60,955,226.88"
PRT-IND-200890,Endurance Tech,Mahindra & Mahindra,Jamshedpur,17,Electrical & Sensor,Optimal Stock,337,"₹2,403.00","₹809,811.00",18,"₹145,765.98","₹955,576.98"
PRT-IND-200891,Motherson Sumi,Hero MotoCorp,Pithampur,20,Exhaust,Optimal Stock,571,"₹20,474.50","₹11,690,939.50",28,"₹3,273,463.06","₹14,964,402.56"
PRT-IND-200892,Motherson Sumi,Tata Motors,Pune,38,Engine Core,Optimal Stock,1161,"₹48,920.50","₹56,796,700.50",28,"₹15,903,076.14","₹72,699,776.64"
PRT-IND-200893,Tata AutoComp,TVS Motor,Gurugram,28,Braking System,Optimal Stock,886,"₹19,844.00","₹17,581,784.00",28,"₹4,922,899.52","₹22,504,683.52"
PRT-IND-200894,Bharat Forge,Maruti Suzuki,Coimbatore,6,Transmission,Optimal Stock,800,"₹22,269.50","₹17,815,600.00",28,"₹4,988,368.00","₹22,803,968.00"
PRT-IND-200895,Endurance Tech,Tata Motors,Manesar,34,Braking System,Overstocked,1938,"₹7,766.50","₹15,051,477.00",28,"₹4,214,413.56","₹19,265,890.56"
PRT-IND-200896,Tata AutoComp,Bajaj Auto,Jamshedpur,30,Braking System,Reorder Needed,252,"₹22,488.00","₹5,666,976.00",28,"₹1,586,753.28","₹7,253,729.28"
PRT-IND-200897,Uno Minda,Hero MotoCorp,Bengaluru,10,Suspension,Optimal Stock,596,"₹7,905.00","₹4,711,380.00",28,"₹1,319,186.40","₹6,030,566.40"
PRT-IND-200898,Bharat Forge,Hero MotoCorp,Coimbatore,19,Engine Core,Reorder Needed,54,"₹35,728.50","₹1,929,339.00",28,"₹540,214.92","₹2,469,553.92"
PRT-IND-200899,Bosch India,TVS Motor,Anantapur,29,Exhaust,Optimal Stock,814,"₹32,233.00","₹26,237,662.00",28,"₹7,346,545.36","₹33,584,207.36"
PRT-IND-200900,Tata AutoComp,Hyundai India,Jamshedpur,29,Suspension,Optimal Stock,911,"₹2,226.50","₹2,028,341.50",28,"₹567,935.62","₹2,596,277.12"
PRT-IND-200901,Mahindra CIE,Bajaj Auto,Bengaluru,42,Braking System,Optimal Stock,895,"₹26,718.50","₹23,913,057.50",28,"₹6,695,656.10","₹30,608,713.60"
PRT-IND-200902,Bosch India,Maruti Suzuki,Pithampur,10,Suspension,Optimal Stock,943,"₹47,684.00","₹44,966,012.00",28,"₹12,590,483.36","₹57,556,495.36"
PRT-IND-200903,Bharat Forge,Tata Motors,Chennai,29,Transmission,Overstocked,1454,"₹16,949.50","₹24,644,573.00",28,"₹6,900,480.44","₹31,545,053.44"
PRT-IND-200904,Endurance Tech,Bajaj Auto,Manesar,29,Electrical & Sensor,Reorder Needed,246,"₹18,287.50","₹4,498,725.00",18,"₹809,770.50","₹5,308,495.50"
PRT-IND-200905,Uno Minda,TVS Motor,Jamshedpur,11,Transmission,Optimal Stock,683,"₹35,186.50","₹24,032,379.50",28,"₹6,729,066.26","₹30,761,445.76"
PRT-IND-200906,Bosch India,Maruti Suzuki,Bengaluru,32,Transmission,Optimal Stock,350,"₹46,105.50","₹16,136,925.00",28,"₹4,518,339.00","₹20,655,264.00"
PRT-IND-200907,Uno Minda,Bajaj Auto,Sanand,13,Suspension,Overstocked,1205,"₹6,258.00","₹7,540,890.00",28,"₹2,111,449.20","₹9,652,339.20"
PRT-IND-200908,Tata AutoComp,TVS Motor,Manesar,43,Engine Core,Optimal Stock,508,"₹6,971.00","₹3,541,268.00",28,"₹991,555.04","₹4,532,823.04"
PRT-IND-200909,Bosch India,Hyundai India,Pune,27,Exhaust,Overstocked,1706,"₹18,344.00","₹31,294,864.00",28,"₹8,762,561.92","₹40,057,425.92"
PRT-IND-200910,Bosch India,Hero MotoCorp,Sanand,23,Suspension,Optimal Stock,431,"₹13,634.00","₹5,876,254.00",28,"₹1,645,351.12","₹7,521,605.12"
PRT-IND-200911,Bharat Forge,TVS Motor,Jamshedpur,19,Exhaust,Optimal Stock,740,"₹49,209.00","₹36,414,660.00",28,"₹10,196,104.80","₹46,610,764.80"
PRT-IND-200912,Motherson Sumi,Bajaj Auto,Pune,8,Braking System,Optimal Stock,462,"₹9,887.50","₹4,568,025.00",28,"₹1,279,047.00","₹5,847,072.00"
PRT-IND-200913,Uno Minda,Hero MotoCorp,Coimbatore,4,Engine Core,Optimal Stock,736,"₹25,777.50","₹18,972,240.00",28,"₹5,312,227.20","₹24,284,467.20"
PRT-IND-200914,Bosch India,Tata Motors,Pithampur,16,Transmission,Overstocked,1682,"₹8,305.00","₹13,969,010.00",28,"₹3,911,322.80","₹17,880,332.80"
PRT-IND-200915,Bosch India,TVS Motor,Coimbatore,44,Engine Core,Optimal Stock,803,"₹24,260.50","₹19,481,181.50",28,"₹5,454,730.82","₹24,935,912.32"
PRT-IND-200916,Mahindra CIE,TVS Motor,Pithampur,24,Exhaust,Reorder Needed,186,"₹6,625.50","₹1,232,343.00",28,"₹345,056.04","₹1,577,399.04"
PRT-IND-200917,Uno Minda,Bajaj Auto,Bengaluru,11,Electrical & Sensor,Reorder Needed,295,"₹28,756.50","₹8,483,167.50",18,"₹1,526,970.15","₹10,010,137.65"
PRT-IND-200918,Bharat Forge,Hero MotoCorp,Chennai,43,Exhaust,Optimal Stock,1181,"₹42,081.50","₹49,698,251.50",28,"₹13,915,510.42","₹63,613,761.92"
PRT-IND-200919,Bosch India,Maruti Suzuki,Anantapur,29,Suspension,Optimal Stock,945,"₹39,108.00","₹36,957,060.00",28,"₹10,347,976.80","₹47,305,036.80"
PRT-IND-200920,Tata AutoComp,Hero MotoCorp,Jamshedpur,22,Electrical & Sensor,Optimal Stock,1073,"₹24,188.50","₹25,954,260.50",18,"₹4,671,766.89","₹30,626,027.39"
PRT-IND-200921,Bharat Forge,Tata Motors,Sanand,17,Suspension,Optimal Stock,574,"₹21,143.00","₹12,136,082.00",28,"₹3,398,102.96","₹15,534,184.96"
PRT-IND-200922,Motherson Sumi,Hyundai India,Chennai,35,Electrical & Sensor,Overstocked,1340,"₹20,860.00","₹27,952,400.00",18,"₹5,031,432.00","₹32,983,832.00"
PRT-IND-200923,Bharat Forge,Mahindra & Mahindra,Manesar,11,Exhaust,Overstocked,1655,"₹36,490.50","₹60,391,777.50",28,"₹16,909,697.70","₹77,301,475.20"
PRT-IND-200924,Motherson Sumi,Tata Motors,Jamshedpur,4,Transmission,Optimal Stock,958,"₹47,884.50","₹45,873,351.00",28,"₹12,844,538.28","₹58,717,889.28"
PRT-IND-200925,Motherson Sumi,TVS Motor,Jamshedpur,38,Electrical & Sensor,Optimal Stock,1075,"₹1,125.00","₹1,209,375.00",18,"₹217,687.50","₹1,427,062.50"
PRT-IND-200926,Tata AutoComp,Mahindra & Mahindra,Jamshedpur,42,Exhaust,Optimal Stock,771,"₹8,701.00","₹6,708,471.00",28,"₹1,878,371.88","₹8,586,842.88"
PRT-IND-200927,Uno Minda,Tata Motors,Bengaluru,6,Suspension,Optimal Stock,1096,"₹7,717.00","₹8,457,832.00",28,"₹2,368,192.96","₹10,826,024.96"
PRT-IND-200928,Bharat Forge,Hero MotoCorp,Pithampur,11,Transmission,Overstocked,1840,"₹7,050.00","₹12,972,000.00",28,"₹3,632,160.00","₹16,604,160.00"
PRT-IND-200929,Bharat Forge,Mahindra & Mahindra,Pune,26,Braking System,Overstocked,1621,"₹42,147.50","₹68,321,097.50",28,"₹19,129,907.30","₹87,451,004.80"
PRT-IND-200930,Tata AutoComp,Mahindra & Mahindra,Manesar,26,Braking System,Overstocked,1335,"₹3,609.50","₹4,818,682.50",28,"₹1,349,231.10","₹6,167,913.60"
PRT-IND-200931,Bharat Forge,Bajaj Auto,Sanand,27,Exhaust,Optimal Stock,472,"₹6,044.50","₹2,853,004.00",28,"₹798,841.12","₹3,651,845.12"
PRT-IND-200932,Tata AutoComp,Maruti Suzuki,Pune,6,Transmission,Overstocked,1555,"₹15,689.00","₹24,396,395.00",28,"₹6,830,990.60","₹31,227,385.60"
PRT-IND-200933,Bharat Forge,TVS Motor,Gurugram,44,Transmission,Optimal Stock,393,"₹28,034.00","₹11,017,362.00",28,"₹3,084,861.36","₹14,102,223.36"
PRT-IND-200934,Bharat Forge,Hero MotoCorp,Manesar,3,Engine Core,Optimal Stock,952,"₹38,071.00","₹36,243,592.00",28,"₹10,148,205.76","₹46,391,797.76"
PRT-IND-200935,Endurance Tech,TVS Motor,Gurugram,23,Suspension,Overstocked,1371,"₹36,103.00","₹49,497,213.00",28,"₹13,859,219.64","₹63,356,432.64"
PRT-IND-200936,Uno Minda,Maruti Suzuki,Sanand,8,Electrical & Sensor,Optimal Stock,927,"₹12,530.00","₹11,615,310.00",18,"₹2,090,755.80","₹13,706,065.80"
PRT-IND-200937,Tata AutoComp,Hero MotoCorp,Pune,9,Exhaust,Overstocked,1930,"₹30,475.00","₹58,816,750.00",28,"₹16,468,690.00","₹75,285,440.00"
PRT-IND-200938,Motherson Sumi,Mahindra & Mahindra,Bengaluru,31,Braking System,Optimal Stock,394,"₹23,459.50","₹9,243,043.00",28,"₹2,588,052.04","₹11,831,095.04"
PRT-IND-200939,Tata AutoComp,Bajaj Auto,Jamshedpur,37,Braking System,Overstocked,1373,"₹42,533.50","₹58,398,495.50",28,"₹16,351,578.74","₹74,750,074.24"
PRT-IND-200940,Bosch India,Maruti Suzuki,Pune,23,Suspension,Overstocked,1784,"₹11,233.00","₹20,039,672.00",28,"₹5,611,108.16","₹25,650,780.16"
PRT-IND-200941,Tata AutoComp,Maruti Suzuki,Coimbatore,32,Electrical & Sensor,Optimal Stock,599,"₹31,533.50","₹18,888,566.50",18,"₹3,399,941.97","₹22,288,508.47"
PRT-IND-200942,Bosch India,Hyundai India,Manesar,18,Engine Core,Optimal Stock,863,"₹48,784.00","₹42,100,592.00",28,"₹11,788,165.76","₹53,888,757.76"
PRT-IND-200943,Motherson Sumi,Hero MotoCorp,Bengaluru,42,Braking System,Optimal Stock,879,"₹48,643.00","₹42,757,197.00",28,"₹11,972,015.16","₹54,729,212.16"
PRT-IND-200944,Mahindra CIE,Bajaj Auto,Manesar,33,Braking System,Overstocked,1854,"₹36,381.00","₹67,450,374.00",28,"₹18,886,104.72","₹86,336,478.72"
PRT-IND-200945,Bosch India,Hero MotoCorp,Anantapur,21,Engine Core,Reorder Needed,141,"₹35,667.00","₹5,029,047.00",28,"₹1,408,133.16","₹6,437,180.16"
PRT-IND-200946,Tata AutoComp,TVS Motor,Jamshedpur,4,Suspension,Overstocked,1448,"₹49,949.00","₹72,326,152.00",28,"₹20,251,322.56","₹92,577,474.56"
PRT-IND-200947,Motherson Sumi,Hyundai India,Anantapur,6,Engine Core,Optimal Stock,1134,"₹48,469.50","₹54,964,413.00",28,"₹15,390,035.64","₹70,354,448.64"
PRT-IND-200948,Mahindra CIE,Tata Motors,Coimbatore,22,Electrical & Sensor,Reorder Needed,200,"₹9,174.00","₹1,834,800.00",18,"₹330,264.00","₹2,165,064.00"
PRT-IND-200949,Motherson Sumi,Tata Motors,Chennai,43,Exhaust,Optimal Stock,368,"₹7,908.00","₹2,910,144.00",28,"₹814,840.32","₹3,724,984.32"
PRT-IND-200950,Bharat Forge,Tata Motors,Sanand,11,Engine Core,Optimal Stock,448,"₹9,044.00","₹4,051,712.00",28,"₹1,134,479.36","₹5,186,191.36"
PRT-IND-200951,Mahindra CIE,Hyundai India,Gurugram,6,Suspension,Overstocked,1678,"₹9,137.50","₹15,332,725.00",28,"₹4,293,163.00","₹19,625,888.00"
PRT-IND-200952,Tata AutoComp,Bajaj Auto,Coimbatore,23,Electrical & Sensor,Overstocked,1515,"₹8,445.50","₹12,794,932.50",18,"₹2,303,087.85","₹15,098,020.35"
PRT-IND-200953,Uno Minda,TVS Motor,Manesar,36,Engine Core,Overstocked,1608,"₹26,726.50","₹42,976,212.00",28,"₹12,033,339.36","₹55,009,551.36"
PRT-IND-200954,Tata AutoComp,Hyundai India,Coimbatore,37,Engine Core,Optimal Stock,715,"₹37,744.00","₹26,986,960.00",28,"₹7,556,348.80","₹34,543,308.80"
PRT-IND-200955,Bharat Forge,Mahindra & Mahindra,Sanand,25,Exhaust,Reorder Needed,80,"₹6,417.00","₹513,360.00",28,"₹143,740.80","₹657,100.80"
PRT-IND-200956,Motherson Sumi,Hero MotoCorp,Coimbatore,22,Exhaust,Overstocked,1498,"₹3,853.00","₹5,771,794.00",28,"₹1,616,102.32","₹7,387,896.32"
PRT-IND-200957,Motherson Sumi,Hyundai India,Pune,34,Suspension,Overstocked,1292,"₹40,362.50","₹52,148,350.00",28,"₹14,601,538.00","₹66,749,888.00"
PRT-IND-200958,Bharat Forge,Hero MotoCorp,Chennai,28,Electrical & Sensor,Overstocked,1450,"₹15,476.50","₹22,440,925.00",18,"₹4,039,366.50","₹26,480,291.50"
PRT-IND-200959,Tata AutoComp,Maruti Suzuki,Gurugram,31,Transmission,Optimal Stock,652,"₹25,717.00","₹16,767,484.00",28,"₹4,694,895.52","₹21,462,379.52"
PRT-IND-200960,Endurance Tech,Hero MotoCorp,Pune,37,Electrical & Sensor,Overstocked,1634,"₹15,838.50","₹25,880,109.00",18,"₹4,658,419.62","₹30,538,528.62"
PRT-IND-200961,Motherson Sumi,Hyundai India,Pithampur,39,Braking System,Optimal Stock,369,"₹40,894.50","₹15,090,070.50",28,"₹4,225,219.74","₹19,315,290.24"
PRT-IND-200962,Bosch India,Bajaj Auto,Coimbatore,10,Suspension,Overstocked,1428,"₹48,223.00","₹68,862,444.00",28,"₹19,281,484.32","₹88,143,928.32"
PRT-IND-200963,Tata AutoComp,Maruti Suzuki,Sanand,19,Exhaust,Overstocked,1487,"₹32,719.00","₹48,653,153.00",28,"₹13,622,882.84","₹62,276,035.84"
PRT-IND-200964,Uno Minda,Hero MotoCorp,Chennai,43,Transmission,Reorder Needed,56,"₹25,204.50","₹1,411,452.00",28,"₹395,206.56","₹1,806,658.56"
PRT-IND-200965,Bharat Forge,Hyundai India,Coimbatore,26,Electrical & Sensor,Optimal Stock,636,"₹15,646.00","₹9,950,856.00",18,"₹1,791,154.08","₹11,742,010.08"
PRT-IND-200966,Motherson Sumi,Tata Motors,Pune,29,Exhaust,Overstocked,1606,"₹25,928.50","₹41,641,171.00",28,"₹11,659,527.88","₹53,300,698.88"
PRT-IND-200967,Mahindra CIE,TVS Motor,Coimbatore,20,Suspension,Overstocked,1520,"₹3,933.50","₹5,978,920.00",28,"₹1,674,097.60","₹7,653,017.60"
PRT-IND-200968,Tata AutoComp,Tata Motors,Pune,24,Exhaust,Overstocked,1439,"₹35,829.00","₹51,557,931.00",28,"₹14,436,220.68","₹65,994,151.68"
PRT-IND-200969,Motherson Sumi,Maruti Suzuki,Pithampur,41,Engine Core,Overstocked,1976,"₹16,169.50","₹31,950,932.00",28,"₹8,946,260.96","₹40,897,192.96"
PRT-IND-200970,Uno Minda,Maruti Suzuki,Gurugram,10,Exhaust,Reorder Needed,290,"₹28,011.00","₹8,123,190.00",28,"₹2,274,493.20","₹10,397,683.20"
PRT-IND-200971,Bharat Forge,Bajaj Auto,Jamshedpur,28,Electrical & Sensor,Overstocked,1398,"₹27,717.00","₹38,748,366.00",18,"₹6,974,705.88","₹45,723,071.88"
PRT-IND-200972,Mahindra CIE,Bajaj Auto,Bengaluru,40,Exhaust,Reorder Needed,143,"₹38,431.00","₹5,495,633.00",28,"₹1,538,777.24","₹7,034,410.24"
PRT-IND-200973,Bharat Forge,Hyundai India,Pithampur,40,Engine Core,Optimal Stock,680,"₹13,113.50","₹8,917,180.00",28,"₹2,496,810.40","₹11,413,990.40"
PRT-IND-200974,Mahindra CIE,TVS Motor,Anantapur,25,Exhaust,Optimal Stock,684,"₹48,393.00","₹33,100,812.00",28,"₹9,268,227.36","₹42,369,039.36"
PRT-IND-200975,Endurance Tech,Maruti Suzuki,Coimbatore,7,Exhaust,Reorder Needed,247,"₹16,387.00","₹4,047,589.00",28,"₹1,133,324.92","₹5,180,913.92"
PRT-IND-200976,Bosch India,Tata Motors,Sanand,43,Electrical & Sensor,Overstocked,1498,"₹20,807.50","₹31,169,635.00",18,"₹5,610,534.30","₹36,780,169.30"
PRT-IND-200977,Tata AutoComp,Hero MotoCorp,Coimbatore,3,Transmission,Overstocked,1642,"₹36,188.50","₹59,421,517.00",28,"₹16,638,024.76","₹76,059,541.76"
PRT-IND-200978,Bosch India,TVS Motor,Jamshedpur,39,Braking System,Optimal Stock,575,"₹46,778.50","₹26,897,637.50",28,"₹7,531,338.50","₹34,428,976.00"
PRT-IND-200979,Tata AutoComp,Hero MotoCorp,Gurugram,25,Braking System,Reorder Needed,142,"₹45,886.50","₹6,515,883.00",28,"₹1,824,447.24","₹8,340,330.24"
PRT-IND-200980,Uno Minda,Maruti Suzuki,Sanand,11,Electrical & Sensor,Overstocked,1375,"₹12,754.50","₹17,537,437.50",18,"₹3,156,738.75","₹20,694,176.25"
PRT-IND-200981,Bharat Forge,Mahindra & Mahindra,Pithampur,27,Engine Core,Overstocked,1396,"₹25,873.50","₹36,119,406.00",28,"₹10,113,433.68","₹46,232,839.68"
PRT-IND-200982,Bosch India,Hero MotoCorp,Jamshedpur,42,Electrical & Sensor,Optimal Stock,1140,"₹4,275.50","₹4,874,070.00",18,"₹877,332.60","₹5,751,402.60"
PRT-IND-200983,Bharat Forge,Bajaj Auto,Jamshedpur,23,Braking System,Overstocked,1860,"₹33,519.00","₹62,345,340.00",28,"₹17,456,695.20","₹79,802,035.20"
PRT-IND-200984,Bharat Forge,Bajaj Auto,Gurugram,5,Exhaust,Optimal Stock,698,"₹35,302.50","₹24,641,145.00",28,"₹6,899,520.60","₹31,540,665.60"
PRT-IND-200985,Tata AutoComp,Bajaj Auto,Sanand,11,Suspension,Optimal Stock,634,"₹31,351.50","₹19,876,851.00",28,"₹5,565,518.28","₹25,442,369.28"
PRT-IND-200986,Motherson Sumi,Maruti Suzuki,Sanand,35,Electrical & Sensor,Overstocked,1422,"₹42,135.50","₹59,916,681.00",18,"₹10,785,002.58","₹70,701,683.58"
PRT-IND-200987,Bharat Forge,Maruti Suzuki,Gurugram,39,Exhaust,Optimal Stock,483,"₹23,756.00","₹11,474,148.00",28,"₹3,212,761.44","₹14,686,909.44"
PRT-IND-200988,Mahindra CIE,Hyundai India,Manesar,27,Electrical & Sensor,Optimal Stock,1024,"₹47,222.00","₹48,355,328.00",18,"₹8,703,959.04","₹57,059,287.04"
PRT-IND-200989,Bosch India,Tata Motors,Chennai,24,Engine Core,Reorder Needed,285,"₹8,116.50","₹2,313,202.50",28,"₹647,696.70","₹2,960,899.20"
PRT-IND-200990,Tata AutoComp,Bajaj Auto,Gurugram,9,Suspension,Optimal Stock,367,"₹22,607.50","₹8,296,952.50",28,"₹2,323,146.70","₹10,620,099.20"
PRT-IND-200991,Uno Minda,Hero MotoCorp,Pune,12,Engine Core,Overstocked,1433,"₹4,790.00","₹6,864,070.00",28,"₹1,921,939.60","₹8,786,009.60"
PRT-IND-200992,Bosch India,Tata Motors,Chennai,18,Exhaust,Optimal Stock,1068,"₹31,163.00","₹33,282,084.00",28,"₹9,318,983.52","₹42,601,067.52"
PRT-IND-200993,Bharat Forge,Hero MotoCorp,Manesar,19,Transmission,Reorder Needed,153,"₹38,733.50","₹5,926,225.50",28,"₹1,659,343.14","₹7,585,568.64"
PRT-IND-200994,Mahindra CIE,TVS Motor,Jamshedpur,9,Transmission,Optimal Stock,527,₹714.00,"₹376,278.00",28,"₹105,357.84","₹481,635.84"
PRT-IND-200995,Bosch India,Hyundai India,Manesar,40,Engine Core,Overstocked,1546,"₹49,727.00","₹76,877,942.00",28,"₹21,525,823.76","₹98,403,765.76"
PRT-IND-200996,Mahindra CIE,Mahindra & Mahindra,Pithampur,17,Suspension,Reorder Needed,99,"₹5,017.50","₹496,732.50",28,"₹139,085.10","₹635,817.60"
PRT-IND-200997,Endurance Tech,Maruti Suzuki,Pithampur,4,Electrical & Sensor,Optimal Stock,447,"₹31,706.00","₹14,172,582.00",18,"₹2,551,064.76","₹16,723,646.76"
PRT-IND-200998,Endurance Tech,TVS Motor,Sanand,21,Suspension,Optimal Stock,569,"₹11,740.50","₹6,680,344.50",28,"₹1,870,496.46","₹8,550,840.96"
PRT-IND-200999,Bosch India,Maruti Suzuki,Anantapur,38,Transmission,Overstocked,1462,"₹46,642.50","₹68,191,335.00",28,"₹19,093,573.80","₹87,284,908.80"